No,邦題,原題,公開年,評価,殿堂入り,鑑賞日,鑑賞場所,上映方式,ジャンル,監督,主要キャスト
1,インターステラー,Interstellar,2014年,9,True,,長野グランドシネマズ,字幕2D,アドベンチャー、ドラマ、サイエンスフィクション,クリストファー・ノーラン,マシュー・マコノヒー、アン・ハサウェイ
2,マッドマックス 怒りのデス・ロード,Mad Max: Fury Road,2015年,10,True,,長野グランドシネマズ,,アクション、アドベンチャー、サイエンスフィクション,ジョージ・ミラー,トム・ハーディ、シャーリーズ・セロン
3,レベル・リッジ,Rebel Ridge,2024年,8,False,,Netflix,,犯罪、アクション、スリラー,Jeremy Saulnier,アーロン・ピエール、ドン・ジョンソン
4,マ・レイニーのブラックボトム,Ma Rainey's Black Bottom,2020年,6,False,,Netflix,,ドラマ、音楽,George C. Wolfe,ヴィオラ・デイヴィス、チャドウィック・ボーズマン
5,時の面影,The Dig,2021年,8,False,,Netflix,,ドラマ、履歴,Simon Stone,キャリー・マリガン、レイフ・ファインズ
6,シング・ストリート 未来へのうた,Sing Street,2016年,8,False,,ディスク,,ロマンス、ドラマ、音楽、コメディ,ジョン・カーニー,フェルディア・ウォルシュ＝ピーロ、ルーシー・ボイントン
7,アイ・アム・マザー,I Am Mother,2019年,6,False,,Netflix,,サイエンスフィクション、スリラー,Grant Sputore,Clara Rugaard、ローズ・バーン
8,ビューティフル・ゲーム,The Beautiful Game,2024年,6,False,,Netflix,,ドラマ,Thea Sharrock,ビル・ナイ、Micheal Ward
9,フィアー・ストリート Part 1: 1994,Fear Street Part One: 1994,2021年,6,False,,Netflix,,ホラー、謎,Leigh Janiak,Kiana Madeira、Olivia Scott Welch
10,フィアー・ストリート Part 2: 1978,Fear Street Part Two: 1978,2021年,6,False,,Netflix,,ホラー、謎,Leigh Janiak,セイディー・シンク、エミリー・ラッド
11,フィアー・ストリート Part 3: 1666666,Fear Street Part Three: 1666,2021年,6,False,,Netflix,,,Leigh Janiak,Kiana Madeira、Benjamin Flores Jr.
12,クロース,Klaus,2019年,8,False,,Netflix,,アニメーション、ファミリー、アドベンチャー、コメディ、ファンタジー,Sergio Pablos,ジェイソン・シュワルツマン、Ｊ・Ｋ・シモンズ
13,ザ・ホワイトタイガー,The White Tiger,2021年,8,False,,Netflix,,ドラマ,Ramin Bahrani,Adarsh Gourav、Rajkummar Rao
14,オーダー,The Order,2024年,4,False,,Netflix,,犯罪、ドラマ、スリラー,Justin Kurzel,ジュード・ロウ、ニコラス・ホルト
15,チャッピー,Chappie,2015年,6,False,,Netflix,,犯罪、アクション、サイエンスフィクション,Neill Blomkamp,Sharlto Copley、Dev Patel
16,チェンジリング,Changeling,2008年,6,False,,ディスク,,犯罪、ドラマ、謎,クリント・イーストウッド,アンジェリーナ・ジョリー、ジョン・マルコヴィッチ
17,チャーリーズ・エンジェル,Charlie's Angels,2000年,4,False,,TV,,アクション、コメディ、アドベンチャー,マックG,キャメロン・ディアス、ドリュー・バリモア
18,チャーリーとチョコレート工場,Charlie and the Chocolate Factory,2005年,4,False,,TV,,アドベンチャー、コメディ、ファミリー、ファンタジー,ティム・バートン,ジョニー・デップ、フレディ・ハイモア
19,エイリアン,Alien,1979年,6,False,,ディスク,,ホラー、サイエンスフィクション,リドリー・スコット,トム・スケリット、シガニー・ウィーバー
20,エイリアン2,Aliens,1986年,6,False,,ディスク,,アクション、スリラー、サイエンスフィクション,ジェームズ・キャメロン,シガニー・ウィーバー、キャリー・ヘン
21,エイリアン3,Alien 3,1992年,6,False,,ディスク,,サイエンスフィクション、アクション、ホラー,デヴィッド・フィンチャー,シガニー・ウィーバー、Charles S. Dutton
22,10 クローバーフィールド・レーン,10 Cloverfield Lane,2016年,8,False,,ディスク,,スリラー、サイエンスフィクション、ドラマ、ホラー,ダン・トラクテンバーグ,ジョン・グッドマン、メアリー・エリザベス・ウィンステッド
23,プロメテウス,Prometheus,2012年,3,False,,ディスク,,サイエンスフィクション、謎,リドリー・スコット,ノオミ・ラパス、マイケル・ファスベンダー
24,エイリアン:コヴェナント,Alien: Covenant,2017年,3,False,,ディスク,,ホラー、サイエンスフィクション,リドリー・スコット,マイケル・ファスベンダー、キャサリン・ウォーターストン
25,エイリアン: ロムルス,Alien: Romulus,2024年,8,False,,,,ホラー、サイエンスフィクション,フェデ・アルバレス,ケイリー・スピーニー、 デヴィッド・ジョンソン
26,ウインド・リバー,Wind River,2017年,8,False,,,,犯罪、謎、ドラマ、スリラー,テイラー・シェリダン,ジェレミー・レナー、エリザベス・オルセン
27,ボーダーライン,Sicario,2015年,6,False,,,,アクション、犯罪、スリラー,ドゥニ・ヴィルヌーヴ,エミリー・ブラント、ベニチオ・デル・トロ
28,ボーダーライン: ソルジャーズ・デイ,Sicario: Day of the Soldado,2018年,8,False,,,,アクション、犯罪、スリラー,ステファノ・ソッリマ,ベニチオ・デル・トロ、ジョシュ・ブローリン
29,WOOD JOB! (ウッジョブ) 神去なあなあ日常,-,2014年,2,False,,,,ドラマ、コメディ,矢口史靖,染谷将太、長澤まさみ
30,COP CAR/コップ・カー,Cop Car,2015年,6,False,,,,犯罪、スリラー,ジョン・ワッツ,ケヴィン・ベーコン、James Freedson-Jackson
31,コンタクト,Contact,1997年,6,False,,,,ドラマ、サイエンスフィクション、謎,ロバート・ゼメキス,ジョディ・フォスター、マシュー・マコノヒー
32,ショーシャンクの空に,The Shawshank Redemption,1994年,6,False,,,,ドラマ、犯罪,Frank Darabont,ティム・ロビンス、モーガン・フリーマン
33,ドライヴ,Drive,2011年,6,False,,,,ドラマ、スリラー、犯罪,Nicolas Winding Refn,ライアン・ゴズリング、キャリー・マリガン
34,ユージュアル・サスペクツ,The Usual Suspects,1995年,6,False,,,,ドラマ、犯罪、スリラー,ブライアン・シンガー,Stephen Baldwin、ガブリエル・バーン
35,メメント,Memento,2000年,6,False,,,,謎、スリラー,クリストファー・ノーラン,ガイ・ピアース、キャリー＝アン・モス
36,アイアムアヒーロー,I Am a Hero,2015年,8,False,,,,アクション、ホラー、ドラマ,佐藤信介,大泉洋、有村架純
37,クリープ,Creep,2014年,6,False,,,,ホラー、スリラー,Patrick Brice,マーク・デュプラス、Patrick Brice
38,クリープ2,Creep2,2017年,6,False,,,,ホラー、スリラー,Patrick Brice,マーク・デュプラス、デジリー・アカヴァン
39,劇場版 機動戦士ガンダム00 -A wakening of the Trailblazer-,Mobile Suit Gundam 00: A Wakening of the Trailblazer,2010年,7,False,,,,アクション、アニメーション、ドラマ、サイエンスフィクション、戦争,水島精二,宮野真守、三木眞一郎
40,機動戦士ガンダムF91,Mobile Suit Gundam F91,1991年,7,False,,,,アニメーション、サイエンスフィクション,富野由悠季,辻谷耕史、冬馬由美
41,犬鳴村,HOWLING VILLAGE,2020年,1,False,,,,ホラー、謎,清水崇,三吉彩花、坂東龍汰
42,エルカミーノ: ブレイキング・バッド THE MOVIE,El Camino: A Breaking Bad Movie,2019年,7,False,,,,犯罪、ドラマ、スリラー,ヴィンス・ギリガン,アーロン・ポール、ジェシー・プレモンス
43,ジャンゴ 繋がれざる者,Django Unchained,2012年,8,False,,,,ドラマ、西洋,クエンティン・タランティーノ,ジェイミー・フォックス、クリストフ・ヴァルツ
44,ワンス・アポン・ア・タイム・イン・ハリウッド,Once Upon a Time in Hollywood,2019年,7,False,,,,コメディ、ドラマ、スリラー,クエンティン・タランティーノ,レオナルド・ディカプリオ、ブラッド・ピット
45,ヘイトフル・エイト,The Hateful Eight,2015年,7,False,,,,ドラマ、謎、西洋,クエンティン・タランティーノ,サミュエル・Ｌ・ジャクソン、カート・ラッセル
46,イングロリアス・バスターズ,Inglourious Basterds,2009年,8,False,,,,ドラマ、スリラー、戦争,クエンティン・タランティーノ,ブラッド・ピット、メラニー・ロラン
47,レザボア・ドッグス,Reservoir Dogs,1992年,6,False,,,,犯罪、スリラー,クエンティン・タランティーノ,ハーヴェイ・カイテル、ティム・ロス
48,インセプション,Inception,2010年,8,False,,,,アクション、サイエンスフィクション、アドベンチャー,クリストファー・ノーラン,レオナルド・ディカプリオ、ジョセフ・ゴードン＝レヴィット
49,インソムニア,Insomnia,2002年,5,False,,,,スリラー、犯罪、ドラマ,クリストファー・ノーラン,アル・パチーノ、ロビン・ウィリアムズ
50,プレステージ,The Prestige,2006年,8,False,,,,ドラマ、謎、サイエンスフィクション,クリストファー・ノーラン,ヒュー・ジャックマン、クリスチャン・ベール
51,ダンケルク,Dunkirk,2017年,8,False,,109シネマズ大阪エキスポシティ,字幕IMAXレーザーGT,戦争、アクション、ドラマ,クリストファー・ノーラン,フィオン・ホワイトヘッド、トム・ハーディ
52,TENET テネット,Tenet,2020年,8,False,,,,アクション、スリラー、サイエンスフィクション,クリストファー・ノーラン,ジョン・デヴィッド・ワシントン、ロバート・パティンソン
53,オッペンハイマー,Oppenheimer,2023年,8,False,2024/04/13,,,ドラマ、履歴,クリストファー・ノーラン,キリアン・マーフィー、エミリー・ブラント
54,マッドバウンド哀しき友情,Mudbound,2017年,9,False,,,,ドラマ,Dee Rees,キャリー・マリガン、ジェイソン・クラーク
55,バットマン ビギンズ,Batman Begins,2005年,6,False,,,,ドラマ、犯罪、アクション,クリストファー・ノーラン,クリスチャン・ベール、マイケル・ケイン
56,ダークナイト,The Dark Knight,2008年,10,True,,,,アクション、犯罪、スリラー,クリストファー・ノーラン,クリスチャン・ベール、ヒース・レジャー
57,ダークナイト ライジング,The Dark Knight Rises,2012年,7,False,,,,アクション、犯罪、ドラマ、スリラー,クリストファー・ノーラン,クリスチャン・ベール、ゲイリー・オールドマン
58,機動戦士ガンダム 閃光のハサウェイ,Mobile Suit Gundam Hathaway,2021年,7,False,,,,アニメーション、アクション、ドラマ、サイエンスフィクション,村瀬修功,小野賢章、上田麗奈
59,機動戦士ガンダム 逆襲のシャア,Mobile Suit Gundam: Char's Counterattack,1988年,7,False,,,,アニメーション、アクション、サイエンスフィクション,富野由悠季,古谷徹、池田秀一
60,機動戦士ガンダムNT,Mobile Suit Gundam Narrative,2018年,6,False,,,,アニメーション、サイエンスフィクション、アクション,吉沢俊一,榎木淳弥、村中知
61,パルプ・フィクション,Pulp Fiction,1994年,6,False,,,,スリラー、犯罪、コメディ,クエンティン・タランティーノ,ジョン・トラボルタ、サミュエル・Ｌ・ジャクソン
62,クローバーフィールド・パラドックス,God Particle/The Cloverfield Paradox,2018年,1,False,,,,ホラー、スリラー、サイエンスフィクション,ジュリアス・オナー,Gugu Mbatha-Raw、ダニエル・ブリュール
63,クローバーフィールド/HAKAISHA,Cloverfield,2008年,6,False,,,,アクション、スリラー、サイエンスフィクション,マット・リーヴス,リジー・キャプラン、Jessica Lucas
64,ミッキー17,Mickey 17,2024年,4,False,2025/04/21,,,サイエンスフィクション、コメディ、アドベンチャー,ポン・ジュノ,ロバート・パティンソン、ナオミ・アッキー
65,パラサイト 半地下の家族,Parasite,2019年,6,False,,,,コメディ、スリラー、ドラマ,Nicolas Alvo,Maddie Moore、Ryan Foor
66,ミッション:インポッシブル,Mission: Impossible,1996年,6,False,,,,アドベンチャー、アクション、スリラー,ブライアン・デ・パルマ,トム・クルーズ、ジョン・ヴォイト
67,ミッション:インポッシブル2,Mission: Impossible II,2000年,4,False,,,,アドベンチャー、アクション、スリラー,ジョン・ウー,トム・クルーズ、ダグレイ・スコット
68,ミッション:インポッシブル3,Mission: Impossible III,2006年,6,False,,,,アドベンチャー、アクション、スリラー,J・J・エイブラムス,トム・クルーズ、フィリップ・シーモア・ホフマン
69,ミッション:インポッシブル/ゴースト・プロトコル,Mission: Impossible - Ghost Protocol,2011年,8,False,,,,アクション、スリラー、アドベンチャー,ブラッド・バード,トム・クルーズ、Paula Patton
70,ミッション:インポッシブルローグ・ネイション,Mission: Impossible - Rogue Nation,2015年,8,False,,,,,クリストファー・マッカリー,トム・クルーズ、ジェレミー・レナー
71,ミッション:インポッシブル/フォールアウト,MISSION: IMPOSSIBLE -FALLOUT,2018年,8,False,,,,アクション、アドベンチャー,クリストファー・マッカリー,トム・クルーズ、ヘンリー・カヴィル
72,ミッション:インポッシブル/デONEッドレコニング PART,Mission: Impossible - Dead Reckoning - Part One,2023年,8,False,,,,,クリストファー・マッカリー,トム・クルーズ、ヘイリー・アトウェル
73,ナイブズ・アウト/名探偵と刃の館の秘密,Knives Out,2019年,8,False,,,,コメディ、犯罪、謎,ライアン・ジョンソン,ダニエル・クレイグ、クリス・エヴァンス
74,ナイブズ・アウト:グラス・オニオン,Glass Onion: A Knives Out Mystery,2022年,8,False,,,,コメディ、犯罪、謎,ライアン・ジョンソン,ダニエル・クレイグ、エドワード・ノートン
75,最後の追跡,Hell or High Water,2016年,9,False,,,,西洋、犯罪、ドラマ,David Mackenzie,ジェフ・ブリッジス、クリス・パイン
76,レディ・プレイヤー1,Ready Player One,2018年,6,False,,,,アドベンチャー、アクション、サイエンスフィクション,スティーヴン・スピルバーグ,タイ・シェリダン、オリヴィア・クック
77,ロスト・シティZ 失われた黄金都市,The Lost City of Z,2018年,6,False,,,,アドベンチャー、ドラマ、履歴,ジェームズ・グレイ,チャーリー・ハナム、ロバート・パティンソン
78,ノーカントリー,No Country for Old Men,2008年,8,False,,,,犯罪、スリラー、西洋,Kevin Gill,ジョエル・コーエン、イーサン・コーエン
79,アイアンマン,Iron Man,2008年,8,False,,,,アクション、サイエンスフィクション、アドベンチャー,ジョン・ファヴロー,ロバート・ダウニー・Jr、Terrence Howard
80,アイアンマン2,Iron Man 2,2010年,6,False,,,,アドベンチャー、アクション、サイエンスフィクション,ジョン・ファヴロー,ロバート・ダウニー・Jr、グウィネス・パルトロー
81,アイアンマン3,Iron Man 3,2013年,6,False,,,,アクション、アドベンチャー、サイエンスフィクション,シェーン・ブラック,ロバート・ダウニー・Jr、グウィネス・パルトロー
82,キック・アス,Kick-Ass,2010年,8,False,,,,アクション、犯罪,マシュー・ヴォーン,アーロン・テイラー＝ジョンソン、クロエ・グレース・モレッツ
83,キック・アス ジャスティス・フォーエバー,Kick-Ass 2,2014年,4,False,,,,アクション、アドベンチャー、犯罪,Jeff Wadlow,アーロン・テイラー＝ジョンソン、クロエ・グレース・モレッツ
84,キャプテン・アメリカ ウィンター・ソルジャー,Captain America: The Winter Soldier,2014年,6,False,,,,アクション、アドベンチャー、サイエンスフィクション,ジョー・ルッソ,クリス・エヴァンス、サミュエル・Ｌ・ジャクソン
85,キャプテン・アメリカザ・ファースト・アベンジャー,Captain America: The First Avenger,2011年,8,False,,,,,Joe Johnston,クリス・エヴァンス、ヘイリー・アトウェル
86,シビル・ウォー/キャプテン・アメリカ,Captain America: Civil War,2016年,6,False,,,,アドベンチャー、アクション、サイエンスフィクション,ジョー・ルッソ,クリス・エヴァンス、ロバート・ダウニー・Jr
87,アベンジャーズ/エイジ・オブ・ウルトロン,The Avengers: Age of Ultron,2015年,6,False,,,,アクション、アドベンチャー、サイエンスフィクション,ジョス・ウェドン,ロバート・ダウニー・Jr、クリス・ヘムズワース
88,アベンジャーズ/インフィニティ・ウォー,Avengers: Infinity War,2018年,6,False,,,,アドベンチャー、アクション、サイエンスフィクション,ジョー・ルッソ,ロバート・ダウニー・Jr、クリス・エヴァンス
89,アベンジャーズ/エンドゲーム,Avengers: Endgame,2019年,6,False,,,,アドベンチャー、サイエンスフィクション、アクション,ジョー・ルッソ,ロバート・ダウニー・Jr、クリス・エヴァンス
90,アベンジャーズ,The Avengers,2012年,6,False,,,,サイエンスフィクション、アクション、アドベンチャー,ジョス・ウェドン,ロバート・ダウニー・Jr、クリス・エヴァンス
91,アントマン,Ant-Man,2015年,6,False,,,,サイエンスフィクション、アドベンチャー、アクション,Peyton Reed,ポール・ラッド、マイケル・ダグラス
92,ソーシャル・ネットワーク,The Social Network,2010年,6,False,,,,ドラマ,デヴィッド・フィンチャー,ジェシー・アイゼンバーグ、アンドリュー・ガーフィールド
93,マイティ・ソー バトルロイヤル,Thor: Ragnarok,2017年,7,False,,,,アクション、アドベンチャー、サイエンスフィクション、コメディ,タイカ・ワイティティ,クリス・ヘムズワース、マーク・ラファロ
94,マイティ・ソーダーク・ワールド,Thor: The Dark World,2014年,6,False,,,,,アラン・テイラー,クリス・ヘムズワース、ナタリー・ポートマン
95,マイティ・ソー,Thor,2011年,6,False,,,,アドベンチャー、ファンタジー、アクション,ケネス・ブラナー,クリス・ヘムズワース、ナタリー・ポートマン
96,スパイダーマン,Spider-Man,2002年,6,False,,,,アクション、サイエンスフィクション,サム・ライミ,トビー・マグワイア、ウィレム・デフォー
97,スパイダーマン:ノー・ウェイ・ホーム,Spider-Man: No Way Home,2021年,6,False,,,,アクション、アドベンチャー、サイエンスフィクション,ジョン・ワッツ,トム・ホランド、ゼンデイヤ
98,スパイダーマン:ホームカミング,SPIDER-MAN: Homecoming,2017年,7,False,,,,アクション、アドベンチャー、サイエンスフィクション,ジョン・ワッツ,トム・ホランド、マイケル・キートン
99,スパイダーマン2,Spider-Man 2,2004年,7,False,,,,アクション、アドベンチャー、サイエンスフィクション,サム・ライミ,トビー・マグワイア、キルスティン・ダンスト
100,スパイダーマン: ファー・フロム・ホーム,Spider-man: Far From Home,2019年,7,False,,,,アクション、アドベンチャー、サイエンスフィクション,ジョン・ワッツ,トム・ホランド、ジェイク・ジレンホール
101,スパイダーマン: スパイダーバース,Spider-Man: Into The Spider-Verse,2018年,8,False,,,,アニメーション、アクション、アドベンチャー、サイエンスフィクション,ボブ・パーシケッティ,シャメイク・ムーア、ジェイク・ジョンソン
102,スパイダーマン3,Spider-Man 3,2007年,6,False,,,,アクション、アドベンチャー、サイエンスフィクション,サム・ライミ,トビー・マグワイア、キルスティン・ダンスト
103,アメイジング・スパイダーマン,The Amazing Spider-Man,2012年,6,False,,,,アクション、アドベンチャー、サイエンスフィクション,マーク・ウェブ,アンドリュー・ガーフィールド、エマ・ストーン
104,アメイジング・スパイダーマン2,The Amazing Spider-Man 2,2014年,6,False,,,,アクション、アドベンチャー、サイエンスフィクション,マーク・ウェブ,アンドリュー・ガーフィールド、エマ・ストーン
105,孤狼の血,The Blood of Wolves,2018年,8,False,,,,犯罪、スリラー、ドラマ、ホラー,白石和彌,役所広司、松坂桃李
106,孤狼の血 LEVEL2,Last of the Wolves,2021年,7,False,,,,犯罪、スリラー、アクション,白石和彌,松坂桃李、鈴木亮平
107,グラディエーター,Gladiator,2000年,6,False,,,,アクション、ドラマ、アドベンチャー,リドリー・スコット,ラッセル・クロウ、ホアキン・フェニックス
108,雪山の絆,La sociedad de la nieve / Society of the Snow,2023年,7,False,,,,ドラマ、履歴,フアン・アントニオ・バヨナ,Enzo Vogrincic、Agustín Pardella
109,ローグ・ワン/スター・ウォーズ・ストーリー,Rogue One: A Star Wars Story,2016年,8,False,,,,アクション、アドベンチャー、サイエンスフィクション,ギャレス・エドワーズ,フェリシティ・ジョーンズ、ディエゴ・ルナ
110,スーパー!,SUPER,2010年,6,False,,,,コメディ、アクション、ドラマ,ジェームズ・ガン,レイン・ウィルソン、エリオット・ペイジ
111,プリズナーズ,Prisoners,2013年,6,False,,,,ドラマ、スリラー、犯罪,ドゥニ・ヴィルヌーヴ,ヒュー・ジャックマン、ジェイク・ジレンホール
112,スター・ウォーズ エピソード1/ファントム・メナス,Star Wars: Episode I - The Phantom Menace,1999年,6,False,,,,アドベンチャー、アクション、サイエンスフィクション,ジョージ・ルーカス,リーアム・ニーソン、ユアン・マクレガー
113,スター・ウォーズ エピソード2/クローンの攻撃2/クローンの攻撃,Star Wars: Episode II - Attack of the Clones,2002年,6,False,,,,アドベンチャー、アクション、サイエンスフィクション,ジョージ・ルーカス,ヘイデン・クリステンセン、ユアン・マクレガー
114,スター・ウォーズ エピソード3/シスの復讐,Star Wars: Episode III - Revenge of the Sith,2005年,6,False,,,,アドベンチャー、アクション、サイエンスフィクション,ジョージ・ルーカス,ヘイデン・クリステンセン、ユアン・マクレガー
115,スター・ウォーズ エピソード4/新たなる希望,Star Wars Episode IV: A New Hope,1977年,6,False,,,,アドベンチャー、アクション、サイエンスフィクション,ジョージ・ルーカス,マーク・ハミル、ハリソン・フォード
116,スター・ウォーズ エピソード5/帝国の逆襲,Star Wars: Episode V - The Empire Strikes Back,1980年,6,False,,,,アドベンチャー、アクション、サイエンスフィクション,アーヴィン・カーシュナー,マーク・ハミル、ハリソン・フォード
117,スター・ウォーズ エピソード6/ジェダイの帰還,Star Wars Episode VI: Return of the Jedi,1983年,6,False,,,,アドベンチャー、アクション、サイエンスフィクション,Richard Marquand,マーク・ハミル、ハリソン・フォード
118,スター・ウォーズ/フォースの覚醒,Star Wars: The Force Awakens,2015年,8,False,,,,アドベンチャー、アクション、サイエンスフィクション,J・J・エイブラムス,ハリソン・フォード、マーク・ハミル
119,スター・ウォーズ/最後のジェダイ,STAR WARS: THE LAST JEDI,2017年,6,False,,,,アドベンチャー、アクション、サイエンスフィクション,ライアン・ジョンソン,マーク・ハミル、キャリー・フィッシャー
120,スター・ウォーズ/スカイウォーカーの夜明け,Star Wars: The Rise of Skywalker,2019年,6,False,,,,アドベンチャー、アクション、サイエンスフィクション,J・J・エイブラムス,キャリー・フィッシャー、マーク・ハミル
121,ハン・ソロ/スター・ウォーズ・ストーリー,Solo: A Star Wars Story,2018年,7,False,,,,サイエンスフィクション、アドベンチャー、アクション,ロン・ハワード,アルデン・エーレンライク、Joonas Suotamo
122,メッセージ,Arrival,2016年,8,False,,,,ドラマ、サイエンスフィクション、謎,ドゥニ・ヴィルヌーヴ,エイミー・アダムス、ジェレミー・レナー
123,ブルー・リベンジ,Blue Ruin,2013年,8,False,,,,,ジェレミー・ソルニエ,メイコン・ブレア、デヴィン・ラトレイ
124,ダ・ヴィンチ・コード,The Da Vinci Code,2006年,6,False,,,,スリラー、謎,ロン・ハワード,トム・ハンクス、オドレイ・トトゥ
125,天使と悪魔,Angels & Demons,2009年,6,False,,,,スリラー、謎,ロン・ハワード,トム・ハンクス、ユアン・マクレガー
126,007/カジノ・ロワイヤル,Casino Royale,2006年,6,False,,,,アドベンチャー、アクション、スリラー,マーティン・キャンベル,ダニエル・クレイグ、エヴァ・グリーン
127,007/慰めの報酬,Quantum of Solace,2008年,6,False,,,,アドベンチャー、アクション、スリラー、犯罪,マーク・フォースター,ダニエル・クレイグ、オルガ・キュリレンコ
128,007 スカイフォール,Skyfall,2012年,8,False,,,,アクション、アドベンチャー、スリラー,サム・メンデス,ダニエル・クレイグ、ジュディ・デンチ
129,007 スペクター,Spectre,2015年,6,False,,,,アクション、アドベンチャー、スリラー,サム・メンデス,ダニエル・クレイグ、クリストフ・ヴァルツ
130,007/ノー・タイム・トゥ・ダイ,No Time to Die,2019年,7,False,,,,アクション、スリラー、アドベンチャー,キャリー・フクナガ,ダニエル・クレイグ、レア・セドゥ
131,トップガン,Top Gun,1986年,6,False,,,,アクション、ドラマ、ロマンス,トニー・スコット,トム・クルーズ、ケリー・マクギリス
132,トップガン マーヴェリック,Top Gun: Maverick,2022年,8,False,,,,アクション、ドラマ,ジョセフ・コシンスキー,トム・クルーズ、ヴァル・キルマー
133,ゴジラvs コング,Godzilla vs. Kong,2021年,4,False,,,,アクション、サイエンスフィクション、アドベンチャー,Adam Wingard,アレクサンダー・スカルスガルド、レベッカ・ホール
134,ゴジラ-1.0,Godzilla Minus One,2023年,8,False,,,,サイエンスフィクション、ホラー、アクション,山崎貴,神木隆之介、浜辺美波
135,ゴジラ キング・オブ・モンスターズ,Godzilla: King of the Monsters,2019年,6,False,,,,サイエンスフィクション、アクション,Michael Dougherty,カイル・チャンドラー、ヴェラ・ファーミガ
136,GODZILLA ゴジラ,Godzilla,2014年,4,False,,,,アクション、ドラマ、サイエンスフィクション,ギャレス・エドワーズ,アーロン・テイラー＝ジョンソン、エリザベス・オルセン
137,シン・ゴジラ,Shin Godzilla,2016年,6,False,,,,アクション、サイエンスフィクション、ホラー,樋口真嗣,長谷川博己、竹野内豊
138,キングコング 髑髏島の巨神,Kong: Skull Island,2017年,7,False,,,,アクション、アドベンチャー、ファンタジー,Jordan Vogt-Roberts,トム・ヒドルストン、サミュエル・Ｌ・ジャクソン
139,パイレーツ・オブ・カリビアン/呪われた海賊たち,Pirates of the Caribbean: The Curse of the BlackPearl,2003年,8,False,,,,アドベンチャー、ファンタジー、アクション,ゴア・ヴァービンスキー,ジョニー・デップ、ジェフリー・ラッシュ
140,パイレーツ・オブ・カリビアン/デッドマンズ・チェスト,Pirates of the Caribbean: Dead Man's Chest,2006年,8,False,,,,アドベンチャー、ファンタジー、アクション,ゴア・ヴァービンスキー,ジョニー・デップ、オーランド・ブルーム
141,パイレーツ・オブ・カリビアン/ワールド・エンド,Pirates of the Caribbean: At World's End,2007年,8,False,,,,アドベンチャー、ファンタジー、アクション,ゴア・ヴァービンスキー,ジョニー・デップ、ジェフリー・ラッシュ
142,パイレーツ・オブ・カリビアン/生命(いのち)の泉,Pirates of the Caribbean: On Stranger Tides,2011年,6,False,,,,,Rob Marshall,ジョニー・デップ、ペネロペ・クルス
143,パイレーツ・オブ・カリビアン最後の海賊,Pirates of the Caribbean: Dead Men Tell No Tales,2017年,7,False,,,,アドベンチャー、アクション、ファンタジー,Espen Sandberg,ジョニー・デップ、ハビエル・バルデム
144,パシフィック・リム,Pacific Rim,2013年,6,False,,,,アクション、サイエンスフィクション、アドベンチャー,ギレルモ・デル・トロ,チャーリー・ハナム、菊地凛子
145,パシフィック・リムアップライジング,Pacific Rim: Uprising,2018年,4,False,,,,,Steven S. DeKnight,ジョン・ボイエガ、スコット・イーストウッド
146,溺れるナイフ,Drowning Love,2016年,2,False,,,,ロマンス、ドラマ,山戸結希,菅田将暉、小松菜奈
147,容疑者Xの献身,The Devotion of Suspect X,2008年,6,False,,,,犯罪、ドラマ、謎,西谷弘,福山雅治、柴咲コウ
148,最悪の選択 Calibre,Calibre,2018年,6,False,,,,スリラー、ドラマ,Matt Palmer,ジャック・ロウデン、Martin McCann
149,ウォーリー,WALL・E,2008年,6,False,,,,アニメーション、ファミリー、サイエンスフィクション,アンドリュー・スタントン,ベン・バート、エリッサ・ナイト
150,ズートピア,Zootopia,2016年,8,False,,,,アニメーション、アドベンチャー、ファミリー、コメディ,バイロン・ハワード,ジニファー・グッドウィン、ジェイソン・ベイトマン
151,リメンバー・ミー,Coco,2017年,8,False,,,,ファミリー、アニメーション、音楽、アドベンチャー,Lee Unkrich,Anthony Gonzalez、Gael García Bernal
152,レイヤー・ケーキ,LAYER CAKE,2004年,6,False,,,,ドラマ、スリラー、犯罪,マシュー・ヴォーン,ダニエル・クレイグ、シエナ・ミラー
153,ストレイト・アウタ・コンプトン,Straight Outta Compton,2015年,8,False,,,,ドラマ、音楽、履歴,Ｆ・ゲイリー・グレイ,オシェア・ジャクソン・Jr、コーリー・ホーキンズ
154,ボヘミアン・ラプソディ,Bohemian Rhapsody,2018年,6,False,,,,音楽、ドラマ,ブライアン・シンガー,ラミ・マレック、Gwilym Lee
155,凶悪,The Devil's Path,2013年,6,False,,,,スリラー、犯罪,白石和彌,山田孝之、池脇千鶴
156,百円の恋,-,2014年,6,False,,,,ドラマ、コメディ、ロマンス,武正晴,安藤サクラ、新井浩文
157,MEG ザ・モンスター,The Meg,2018年,4,False,,,,アクション、サイエンスフィクション、ホラー,Jon Turteltaub,ジェイソン・ステイサム、李冰冰
158,ロケットマン,Rocketman,2019年,6,False,,,,音楽、ドラマ,Dexter Fletcher,タロン・エジャトン、Jamie Bell
159,はじまりのうた,Begin Again,2013年,8,False,,,,コメディ、音楽、ロマンス、ドラマ,ジョン・カーニー,マーク・ラファロ、キーラ・ナイトレイ
160,許されざる者,Unforgiven,1992年,6,False,,,,西洋,クリント・イーストウッド,クリント・イーストウッド、ジーン・ハックマン
161,ラストサムライ,The Last Samurai,2003年,6,False,,,,ドラマ、アクション、戦争,Edward Zwick,トム・クルーズ、渡辺謙
162,ジョン・ウィック,John Wick,2014年,8,False,,,,アクション、スリラー,チャド・スタエルスキ,キアヌ・リーブス、ミカエル・ニクヴィスト
163,ジョン・ウィック:チャプター2,John Wick: Chapter2,2016年,8,False,,,,アクション、スリラー、犯罪,チャド・スタエルスキ,キアヌ・リーブス、コモン
164,ジョン・ウィック パラベラム,JOHN WICK:CHAPTER3 PARABELLUM,2019年,8,False,,,,アクション、スリラー、犯罪,チャド・スタエルスキ,キアヌ・リーブス、ハル・ベリー
165,ジョン・ウィック コンセクエンス,John Wick: Chapter 4,2023年,6,False,,,,アクション、スリラー、犯罪,チャド・スタエルスキ,キアヌ・リーブス、ドニー・イェン
166,セッション,Whiplash,2014年,6,False,,,,ドラマ、音楽,デイミアン・チャゼル,マイルズ・テラー、Ｊ・Ｋ・シモンズ
167,ラ・ラ・ランド,La La Land,2016年,6,False,,,,コメディ、ドラマ、ロマンス,デイミアン・チャゼル,ライアン・ゴズリング、エマ・ストーン
168,グレイテスト・ショーマン,The Greatest Showman,2017年,4,False,,,,ドラマ,マイケル・グレイシー,ヒュー・ジャックマン、ザック・エフロン
169,ザ・キラー,The Killer,2023年,6,False,,,,犯罪、スリラー,デヴィッド・フィンチャー,マイケル・ファスベンダー、ティルダ・スウィントン
170,凪待ち,Sea of Revival,2019年,6,False,,,,ドラマ,白石和彌,香取愼吾、恒松祐里
171,累かさね,Kasane,2018年,8,False,,,,謎、ファンタジー,佐藤祐市,土屋太鳳、芳根京子
172,いぬやしき,Inuyashiki,2018年,6,False,,,,アクション、アドベンチャー、サイエンスフィクション、ファンタジー,佐藤信介,木梨憲武、佐藤健
173,亜人,Ajin: Demi-Human,2017年,6,False,,,,アクション、ホラー、謎,本広克行,佐藤健、綾野剛
174,ニルマル・プルジャ: 不可能を可能にした登山家,14 Peaks: Nothing Is Impossible,2021年,8,False,,,,ドキュメンタリー,Torquil Jones,Nirmal Purja、ジミー・チン
175,バスターのバラード,The Ballad of Buster Scruggs,2018年,8,False,,,,西洋、コメディ、ドラマ,ジョエル・コーエン,Tim Blake Nelson、ウィリー・ワトソン
176,オデッセイ,The Martian,2015年,6,False,,,,ドラマ、アドベンチャー、サイエンスフィクション,リドリー・スコット,マット・デイモン、ジェシカ・チャステイン
177,トランスフォーマー,Transformers,2007年,6,False,,,,アドベンチャー、サイエンスフィクション、アクション,マイケル・ベイ,シャイア・ラブーフ、ミーガン・フォックス
178,トランスフォーマー/リベンジ,Transformers: Revenge of the Fallen,2009年,4,False,,,,サイエンスフィクション、アクション、アドベンチャー,マイケル・ベイ,シャイア・ラブーフ、ミーガン・フォックス
179,トランスフォーマー/ダークサイド・ムーン,Transformers: Dark of the Moon,2011年,6,False,,,,アクション、サイエンスフィクション、アドベンチャー,マイケル・ベイ,シャイア・ラブーフ、ロージー・ハンティントン＝ホワイトリー
180,トランスフォーマー/ロストエイジ,Transformers: Age of Extinction,2014年,4,False,,,,サイエンスフィクション、アクション、アドベンチャー,マイケル・ベイ,マーク・ウォールバーグ、Peter Cullen
181,トランスフォーマー/最後の騎士王騎士王,Transformers: The Last Knight,2017年,4,False,,,,アクション、アドベンチャー、サイエンスフィクション,マイケル・ベイ,マーク・ウォールバーグ、Laura Haddock
182,トランスフォーマー/ビースト覚醒,Transformers: Rise of the beasts,2023年,4,False,,,,サイエンスフィクション、アドベンチャー、アクション,Steven Caple Jr.,アンソニー・ラモス、Dominique Fishback
183,バンブルビー,Bumblebee,2018年,6,False,,,,アクション、アドベンチャー、サイエンスフィクション,トラヴィス・ナイト,Dylan O'Brien、ヘイリー・スタインフェルド
184,ブロークン・アロー,BROKEN ARROW,1996年,3,False,,,,アクション、スリラー,ジョン・ウー,ジョン・トラボルタ、クリスチャン・スレーター
185,セブン,Se7en / Seven,1995年,8,False,,,,犯罪、謎、スリラー,デヴィッド・フィンチャー,モーガン・フリーマン、ブラッド・ピット
186,君が生きた証,Rudderless,2014年,9,True,,,,音楽、ドラマ、コメディ,ウィリアム・Ｈ・メイシー,ビリー・クラダップ、Anton Yelchin
187,ゼロ・グラビティ,Gravity,2013年,6,False,,,,サイエンスフィクション、スリラー、ドラマ,アルフォンソ・キュアロン,サンドラ・ブロック、ジョージ・クルーニー
188,第9地区,District 9,2009年,8,False,,,,サイエンスフィクション,Neill Blomkamp,Sharlto Copley、Jason Cope
189,ブレードランナー,Blade Runner,1982年,6,False,,,,サイエンスフィクション、ドラマ、スリラー,リドリー・スコット,ハリソン・フォード、ルトガー・ハウアー
190,ブレードランナー 2049,Blade Runner 2049,2017年,8,False,,,,サイエンスフィクション、ドラマ,ドゥニ・ヴィルヌーヴ,ライアン・ゴズリング、ハリソン・フォード
191,ハリー・ポッターと賢者の石,Harry Potter and the Sorcerer's Stone,2001年,6,False,,,,アドベンチャー、ファンタジー,クリス・コロンバス,ダニエル・ラドクリフ、ルパート・グリント
192,ハリー・ポッターと秘密の部屋,Harry Potter and the Chamber of Secrets,2002年,6,False,,,,アドベンチャー、ファンタジー,クリス・コロンバス,ダニエル・ラドクリフ、ルパート・グリント
193,ハリー・ポッターとアズカバンの囚人,Harry Potter and the Prisoner of Azkaban,2004年,6,False,,,,アドベンチャー、ファンタジー,アルフォンソ・キュアロン,ダニエル・ラドクリフ、ルパート・グリント
194,ハリー・ポッターと炎のゴブレット,Harry Potter and the Goblet of Fire,2005年,6,False,,,,アドベンチャー、ファンタジー,Mike Newell,ダニエル・ラドクリフ、ルパート・グリント
195,ハリー・ポッターと不死鳥の騎士団,Harry Potter and the Order of the Phoenix,2007年,6,False,,,,アドベンチャー、ファンタジー,デヴィッド・イェーツ,ダニエル・ラドクリフ、ルパート・グリント
196,ハリー・ポッターと謎のプリンス,Harry Potter and the Half-Blood Prince,2008年,6,False,,,,アドベンチャー、ファンタジー,デヴィッド・イェーツ,ダニエル・ラドクリフ、ルパート・グリント
197,ハリー・ポッターと死の秘宝 PART1,Harry Potter and the Deathly Hallows: Part 1,2010年,6,False,,,,アドベンチャー、ファンタジー,デヴィッド・イェーツ,ダニエル・ラドクリフ、エマ・ワトソン
198,ハリー・ポッターと死の秘宝 PART2,Harry Potter and the Deathly Hallows: Part 2,2011年,6,False,,,,アドベンチャー、ファンタジー,デヴィッド・イェーツ,ダニエル・ラドクリフ、エマ・ワトソン
199,ファンタスティック・ビーストと魔法使いの旅,Fantastic Beasts and Where to Find Them,2016年,8,False,,,,ファンタジー、アドベンチャー,デヴィッド・イェーツ,エディ・レッドメイン、キャサリン・ウォーターストン
200,ファンタスティック・フォー:銀河の危機,4: Rise of the Silver Surfer,2007年,2,False,,,,サイエンスフィクション、アドベンチャー、アクション,Tim Story,ヨアン・グリフィズ、ジェシカ・アルバ
201,ファンタスティック・フォー [超能力ユニット],Fantastic Four,2005年,2,False,,,,アクション、ファンタジー、サイエンスフィクション,Tim Story,ヨアン・グリフィズ、ジェシカ・アルバ
202,マン・オブ・スティール,Man of Steel,2013年,4,False,,,,アクション、アドベンチャー、サイエンスフィクション,ザック・スナイダー,ヘンリー・カヴィル、エイミー・アダムス
203,ファースト・マン,First Man,2018年,6,False,,,,履歴、ドラマ,デイミアン・チャゼル,ライアン・ゴズリング、クレア・フォイ
204,スーパーマン リターンズ,Superman Returns,2006年,4,False,,,,サイエンスフィクション、アクション、アドベンチャー,ブライアン・シンガー,ブランドン・ラウス、ケイト・ボスワース
205,ペーパーマン PaperMan,Paper Man,2009年,6,False,,,,コメディ、ドラマ,Kieran Mulroney,ジェフ・ダニエルズ、エマ・ストーン
206,バットマン vs スーパーマンジャスティスの誕生,Batman v Superman: Dawn of Justice,2016年,4,False,,,,,ザック・スナイダー,ベン・アフレック、ヘンリー・カヴィル
207,ジャスティス・リーグ,Justice League,2017年,4,False,,,,アクション、アドベンチャー、サイエンスフィクション,ザック・スナイダー,ベン・アフレック、ヘンリー・カヴィル
208,ジャスティス・リーグ: ザック・スナイダーカット,Zack Snyder's Justice League,2021年,6,False,,,,アクション、アドベンチャー、ファンタジー,ザック・スナイダー,ベン・アフレック、ヘンリー・カヴィル
209,アクアマン,Aquaman,2018年,6,False,,,,アクション、アドベンチャー、ファンタジー,ジェームズ・ワン,ジェイソン・モモア、アンバー・ハード
210,ワンダーウーマン,Wonder Woman,2017年,8,False,,,,アクション、アドベンチャー、ファンタジー,Patty Jenkins,ガル・ガドット、クリス・パイン
211,ワンダー・ウーマンとマーストン教授の秘密,Professor Marston & the Wonder Women,2017年,6,False,,,,ドラマ、ロマンス,Angela Robinson,ルーク・エヴァンズ、レベッカ・ホール
212,ワンダー 君は太陽,Wonder,2017年,6,False,,,,ファミリー、ドラマ,Stephen Chbosky,ジェイコブ・トレンブレイ、ジュリア・ロバーツ
213,ニンジャバットマン,BATMAN NINJA,2018年,6,False,,,,アニメーション、アクション、サイエンスフィクション,水﨑淳平,山寺宏一、高木渉
214,レゴバットマンザ・ムービー,The Lego Batman Movie,2017年,6,False,,,,,クリス・マッケイ,ウィル・アーネット、マイケル・セラ
215,LEGO (R) ムービー,The LEGO Movie,2014年,8,False,,,,ファミリー、コメディ、アドベンチャー、アニメーション、アクション,フィル・ロード,クリス・プラット、エリザベス・バンクス
216,メン・イン・ブラック,Men in Black,1997年,6,False,,,,アクション、アドベンチャー、コメディ、サイエンスフィクション,バリー・ソネンフェルド,トミー・リー・ジョーンズ、ウィル・スミス
217,メン・イン・ブラック2,Men in Black II,2002年,6,False,,,,アクション、コメディ、サイエンスフィクション,バリー・ソネンフェルド,トミー・リー・ジョーンズ、ウィル・スミス
218,メン・イン・ブラック3,Men in Black 3,2012年,6,False,,,,アクション、コメディ、サイエンスフィクション,バリー・ソネンフェルド,ウィル・スミス、トミー・リー・ジョーンズ
219,X-メン,X-Men,2000年,6,False,,,,アドベンチャー、アクション、サイエンスフィクション,ブライアン・シンガー,ヒュー・ジャックマン、パトリック・スチュワート
220,X-MEN2,X-Men 2/X2/X-Men United,2003年,4,False,,,,アドベンチャー、アクション、サイエンスフィクション,ブライアン・シンガー,ヒュー・ジャックマン、パトリック・スチュワート
221,ウルヴァリン:X-MEN ZERO,X-Men Origins: Wolverine,2009年,6,False,,,,アドベンチャー、アクション、サイエンスフィクション,Gavin Hood,ヒュー・ジャックマン、リーヴ・シュレイバー
222,X-MEN:アポカリプス,X-MEN: Apocalypse,2016年,6,False,,,,アクション、アドベンチャー、サイエンスフィクション、ファンタジー,ブライアン・シンガー,ジェームズ・マカヴォイ、マイケル・ファスベンダー
223,X-MEN:ファースト・ジェネレーション,X: First Class,2011年,6,False,,,,アクション、サイエンスフィクション、アドベンチャー,マシュー・ヴォーン,ジェームズ・マカヴォイ、マイケル・ファスベンダー
224,デッドプール,Deadpool,2016年,8,False,,,,アクション、アドベンチャー、コメディ,ティム・ミラー,ライアン・レイノルズ、モリーナ・バッカリン
225,デッドプール2,Deadpool 2,2018年,6,False,,,,アクション、コメディ、アドベンチャー,デヴィッド・リーチ,ライアン・レイノルズ、ジョシュ・ブローリン
226,ルーム,Room,2015年,6,False,,,,ドラマ、スリラー,Lenny Abrahamson,ブリー・ラーソン、ジェイコブ・トレンブレイ
227,ホステル,Hostel,2005年,4,False,,,,ホラー,Jeff Broadstreet,Andrew Divoff、Denice Duff
228,ホステル2,HOSTEL: PART II,2007年,4,False,,,,ホラー,イーライ・ロス,ローレン・ジャーマン、Heather Matarazzo
229,ターミネーター,The Terminator,1984年,6,False,,,,アクション、スリラー、サイエンスフィクション,ジェームズ・キャメロン,アーノルド・シュワルツェネッガー、マイケル・ビーン
230,ターミネーター2,Terminator 2: Judgment Day,1991年,6,False,,,,アクション、スリラー、サイエンスフィクション,ジェームズ・キャメロン,アーノルド・シュワルツェネッガー、リンダ・ハミルトン
231,ターミネーター3,Terminator 3: Rise of the Machines,2003年,6,False,,,,アクション、スリラー、サイエンスフィクション,ジョナサン・モストウ,アーノルド・シュワルツェネッガー、Nick Stahl
232,ターミネーター4,Terminator Salvation,2009年,4,False,,,,アクション、サイエンスフィクション、スリラー,マックG,クリスチャン・ベール、サム・ワーシントン
233,ターミネーター:新起動/ジェニシス,Terminator Genisys,2015年,4,False,,,,サイエンスフィクション、アクション、スリラー,Alan Taylor,エミリア・クラーク、ジェイ・コートニー
234,ターミネーター ニュー・フェイト,Terminator: Dark Fate,2019年,6,False,,,,サイエンスフィクション、アクション、アドベンチャー、スリラー,ティム・ミラー,リンダ・ハミルトン、アーノルド・シュワルツェネッガー
235,猿の惑星:創世記(ジェネシス),Rise of the Planet of the Apes,2011年,6,False,,,,,Rupert Wyatt,Andy Serkis、ジェームズ・フランコ
236,猿の惑星: 新世紀 (ライジング),Dawn of the Planet of the Apes,2014年,6,False,,,,,マット・リーヴス,Andy Serkis、ジェイソン・クラーク
237,猿の惑星:聖戦記(グレート・ウォー),War for the Planet of the Apes,2017年,6,False,,,,,マット・リーヴス,Andy Serkis、ウディ・ハレルソン
238,DUNE/デューン 砂の惑星,Dune,2020年,6,False,,,,サイエンスフィクション,ドゥニ・ヴィルヌーヴ,ティモシー・シャラメ、レベッカ・ファーガソン
239,エリジウム,Elysium,2013年,4,False,,,,サイエンスフィクション、アクション、ドラマ、スリラー,Neill Blomkamp,マット・デイモン、ジョディ・フォスター
240,君の名は。,Your Name.,2016年,6,False,,,,アニメーション、ロマンス、ドラマ,新海誠,神木隆之介、上白石萌音
241,天気の子,Weathering With You,2019年,6,False,,,,アニメーション、ドラマ、ファンタジー、ロマンス,新海誠,醍醐虎汰朗、森七菜
242,アキラ AKIRA,AKIRA,1988年,6,False,,,,アニメーション、サイエンスフィクション、アクション,大友克洋,岩田光央、佐々木望
243,マッドマックス,Mad Max,1979年,4,False,,,,アドベンチャー、アクション、スリラー、サイエンスフィクション,ジョージ・ミラー,メル・ギブソン、Joanne Samuel
244,マッドマックス2,Mad Max 2,1981年,6,False,,,,アドベンチャー、アクション、スリラー、サイエンスフィクション,ジョージ・ミラー,メル・ギブソン、Bruce Spence
245,マッドマックス/サンダードーム,Mad Max Beyond Thunderdome,1985年,4,False,,,,アクション、アドベンチャー、サイエンスフィクション,ジョージ・ミラー,メル・ギブソン、ティナ・ターナー
246,マッドマックス 怒りのデス・エディションロードブラック&クローム,Mad Max Fury Road Black & Chrome Edition,2015年,10,True,,,,,ジョージ・ミラー,トム・ハーディ、シャーリーズ・セロン
247,マッドマックス: フュリオサ,Furiosa: A Mad Max Saga/Furiosa,2014年,7,False,2024/06/16,,,アクション、サイエンスフィクション、アドベンチャー,ジョージ・ミラー,アニヤ・テイラー＝ジョイ、クリス・ヘムズワース
248,グリーンブック,Green Book,2018年,6,False,,,,ドラマ、コメディ、履歴,Peter Farrelly,Viggo Mortensen、マハーシャラ・アリ
249,キャリー,Carrie,2013年,2,False,,,,ドラマ、ホラー,Kimberly Peirce,クロエ・グレース・モレッツ、ジュリアン・ムーア
250,ホーム・アローン,HOME ALONE,1990年,6,False,,,,コメディ、ファミリー,クリス・コロンバス,マコーレー・カルキン、ジョー・ペシ
251,ホーム・アローン2,Home Alone 2: Lost in New York,1992年,6,False,,,,コメディ、ファミリー、アドベンチャー,クリス・コロンバス,マコーレー・カルキン、ジョー・ペシ
252,キャビン,The Cabin in the Woods,2011年,6,False,,,,ホラー、謎、コメディ,ドリュー・ゴダード,クリステン・コノリー、フラン・クランツ
253,グリーンルーム,Green Room,2015年,6,False,,,,ホラー、犯罪、スリラー,Jeremy Saulnier,Anton Yelchin、イモージェン・プーツ
254,オッド・トーマス死神と奇妙な救世主,Odd Thomas,2013年,8,False,,,,謎、スリラー,Stephen Sommers,Anton Yelchin、アディソン・ティムリン
255,スター・トレック,Star Trek,2009年,8,False,,,,サイエンスフィクション、アクション、アドベンチャー,J・J・エイブラムス,クリス・パイン、Zachary Quinto
256,スター・トレック イントゥ・ダークネス,Star Trek Into Darkness,2013年,8,False,,,,アクション、アドベンチャー、サイエンスフィクション,J・J・エイブラムス,クリス・パイン、Zachary Quinto
257,スター・トレック BEYOND,Star Trek Beyond,2016年,6,False,,,,アクション、アドベンチャー、サイエンスフィクション,ジャスティン・リン,クリス・パイン、Zachary Quinto
258,スポックのために,For the Love of Spock,2016年,7,False,,,,ドキュメンタリー,Adam Nimoy,ウィリアム・シャトナー、ジョージ・タケイ
259,トレインスポッティング,Trainspotting,1996年,6,False,,,,ドラマ、犯罪,ダニー・ボイル,ユアン・マクレガー、ユエン・ブレムナー
260,T2 トレインスポッティング,T2: Trainspotting,2017年,6,False,,,,ドラマ、コメディ、犯罪,ダニー・ボイル,ユアン・マクレガー、Jonny Lee Miller
261,スポットライト 世紀のスクープ,Spotlight,2015年,6,False,,,,ドラマ、履歴,Tom McCarthy,マーク・ラファロ、マイケル・キートン
262,20センチュリー・ウーマン,20th Century Women,2016年,8,False,,,,ドラマ,Mike Mills,アネット・ベニング、エル・ファニング
263,レディ・バード,Lady Bird,2017年,6,False,,,,ドラマ、コメディ,グレタ・ガーウィグ,シアーシャ・ローナン、ローリー・メトカーフ
264,犬ヶ島,Isle of Dogs,2018年,6,False,,,,アドベンチャー、コメディ、アニメーション,ウェス・アンダーソン,ブライアン・クランストン、コーユー・ランキン
265,ハント・フォー・ザ・ワイルダーピープル,Hunt for the Wilderpeople,2016年,8,False,,,,アドベンチャー、コメディ、ドラマ,タイカ・ワイティティ,サム・ニール、Julian Dennison
266,月に囚われた男,Moon,2009年,8,False,,,,サイエンスフィクション、ドラマ,Duncan Jones,サム・ロックウェル、ケヴィン・スペイシー
267,バイオハザード,Resident Evil,2002年,4,False,,,,ホラー、アクション、サイエンスフィクション,ポール・W・S・アンダーソン,ミラ・ジョヴォヴィッチ、ミシェル・ロドリゲス
268,バイオハザードII アポカリプス,Resident Evil: Apocalypse,2004年,4,False,,,,ホラー、アクション、サイエンスフィクション,Alexander Witt,ミラ・ジョヴォヴィッチ、Sienna Guillory
269,バイオハザード III,Resident Evil: Extinction,2007年,4,False,,,,ホラー、アクション、サイエンスフィクション,Russell Mulcahy,ミラ・ジョヴォヴィッチ、עודד פהר
270,バイオハザードIV アフターライフ,Resident Evil: Afterlife,2010年,4,False,,,,アクション、アドベンチャー、ホラー、サイエンスフィクション,ポール・W・S・アンダーソン,ミラ・ジョヴォヴィッチ、Wentworth Miller
271,バイオハザードV リトリビューション,Resident Evil: Retribution,2012年,4,False,,,,アクション、ホラー、サイエンスフィクション,ポール・W・S・アンダーソン,ミラ・ジョヴォヴィッチ、Sienna Guillory
272,バイオハザード:ザ・ファイナル,Resident Evil: The Final Chapter,2016年,4,False,,,,アクション、ホラー、サイエンスフィクション,ポール・W・S・アンダーソン,ミラ・ジョヴォヴィッチ、イアン・グレン
273,ショーン・オブ・ザ・デッド,Shaun of the Dead,2004年,6,False,,,,ホラー、コメディ,エドガー・ライト,サイモン・ペッグ、Nick Frost
274,ウルフ・オブ・ウォールストリート,The Wolf of Wall Street,2013年,8,False,,,,犯罪、ドラマ、コメディ,マーティン・スコセッシ,レオナルド・ディカプリオ、ジョナ・ヒル
275,シェイプ・オブ・ウォーター,The Shape of Water,2017年,6,False,,,,ドラマ、ファンタジー、ロマンス,ギレルモ・デル・トロ,サリー・ホーキンス、マイケル・シャノン
276,ガーディアンズ・オブ・ギャラクシー,Guardians of the Galaxy,2014年,6,False,,,,アクション、サイエンスフィクション、アドベンチャー,ジェームズ・ガン,クリス・プラット、ゾーイ・サルダナ
277,スクール・オブ・ロック,The School of Rock,2003年,6,False,,,,コメディ、音楽、ファミリー,Richard Linklater,ジャック・ブラック、ジョーン・キューザック
278,ロード・オブ・ザ・リング,The Lord of the Rings: The Fellowship of the Ring,2001年,6,False,,,,アドベンチャー、ファンタジー、アクション,ピーター・ジャクソン,イライジャ・ウッド、イアン・マッケラン
279,ロード・オブ・ザ・リング/二つの塔,The Lord of the Rings: The Two Towers,2002年,6,False,,,,アドベンチャー、ファンタジー、アクション,ピーター・ジャクソン,イライジャ・ウッド、イアン・マッケラン
280,ロード・オブ・ザ・リング/王の帰還,The Lord of the Rings: The Return of the King,2004年,8,False,,,,アドベンチャー、ファンタジー、アクション,Costa Botes,ピーター・ジャクソン、イライジャ・ウッド
281,ホビット 竜に奪われた王国,The Hobbit: The Desolation of Smaug,2013年,6,False,,,,ファンタジー、アドベンチャー、アクション,ピーター・ジャクソン,イアン・マッケラン、マーティン・フリーマン
282,ホビット 思いがけない冒険,The Hobbit: An Unexpected Journey,2012年,6,False,,,,アドベンチャー、ファンタジー、アクション,ピーター・ジャクソン,マーティン・フリーマン、イアン・マッケラン
283,ホビット 決戦のゆくえ,The Hobbit: The Battle of the Five Armies,2014年,6,False,,,,アクション、アドベンチャー、ファンタジー,ピーター・ジャクソン,イアン・マッケラン、マーティン・フリーマン
284,ジョジョ・ラビット,Jojo Rabbit,2019年,8,False,,,,コメディ、戦争、ドラマ,タイカ・ワイティティ,Roman Griffin Davis、トーマシン・マッケンジー
285,アメリカン・スナイパー,American Sniper,2014年,6,False,,,,戦争、アクション,クリント・イーストウッド,ブラッドレイ・クーパー、シエナ・ミラー
286,アウトロー,Jack Reacher,2012年,6,False,,,,犯罪、ドラマ、スリラー、アクション,クリストファー・マッカリー,トム・クルーズ、ロザムンド・パイク
287,7月22日,22 July,2018年,6,False,,,,犯罪、ドラマ、履歴、スリラー,ポール・グリーングラス,Jonas Strand Gravli、アンデルシュ・ダニエルセン・リー
288,キャプテン・フィリップス,Captain Phillips,2013年,6,False,,,,アクション、ドラマ、スリラー,ポール・グリーングラス,トム・ハンクス、Barkhad Abdi
289,ブラックパンサー,Black Panther,2018年,6,False,,,,アクション、アドベンチャー、サイエンスフィクション,ライアン・クーグラー,チャドウィック・ボーズマン、マイケル・B・ジョーダン
290,オール・ユー・ニード・イズ・キル,Edge of Tomorrow,2014年,8,False,,,,アクション、サイエンスフィクション,ダグ・リーマン,トム・クルーズ、エミリー・ブラント
291,ALWAYS 三丁目の夕日,Always: Sunset on Third Street,2005年,6,False,,,,コメディ、ドラマ,山崎貴,堀北真希、吉岡秀隆
292,ALWAYS続・三丁目の夕日,Always: Sunset on Third Street 2,2007年,6,False,,,,コメディ、ドラマ,山崎貴,吉岡秀隆、堀北真希
293,キャプテン・マーベル,Captain Marvel,2019年,4,False,,,,アクション、アドベンチャー、サイエンスフィクション,Ryan Fleck,ブリー・ラーソン、サミュエル・Ｌ・ジャクソン
294,トイ・ストーリー,Toy Story,1995年,6,False,,,,ファミリー、コメディ、アニメーション、アドベンチャー,John Lasseter,トム・ハンクス、ティム・アレン
295,グリーン・インフェルノ,The Green Inferno,2013年,2,False,,,,アドベンチャー、ホラー,イーライ・ロス,Lorenza Izzo、Ariel Levy
296,ツイスター,Twister,1996年,6,False,,,,アクション、アドベンチャー、ドラマ,ヤン・デ・ボン,ヘレン・ハント、ビル・パクストン
297,イントゥ・ザ・ストーム,Into the Storm,2014年,6,False,,,,アクション、スリラー,Steven Quale,Richard Armitage、Sarah Wayne Callies
298,2012,2012,2009年,4,False,,,,アクション、アドベンチャー、サイエンスフィクション,ローランド・エメリッヒ,ジョン・キューザック、Amanda Peet
299,アルマゲドン,Armageddon,1998年,6,False,,,,アクション、スリラー、サイエンスフィクション、アドベンチャー,マイケル・ベイ,ブルース・ウィリス、ビリー・ボブ・ソーントン
300,ゴーン・ガール,Gone Girl,2014年,6,False,,,,謎、スリラー、ドラマ,デヴィッド・フィンチャー,ベン・アフレック、ロザムンド・パイク
301,バック・トゥ・ザ・フューチャー,BACK TO THE FUTURE,1985年,6,False,,,,アドベンチャー、コメディ、サイエンスフィクション,ロバート・ゼメキス,マイケル・J・フォックス、クリストファー・ロイド
302,バック・トゥ・ザ・フューチャー PART2,Back to the Future Part II,1989年,6,False,,,,アドベンチャー、コメディ、サイエンスフィクション,ロバート・ゼメキス,マイケル・J・フォックス、クリストファー・ロイド
303,バック・トゥ・ザ・フューチャーPART3,Back to the Future Part III,1990年,6,False,,,,アドベンチャー、コメディ、サイエンスフィクション,ロバート・ゼメキス,マイケル・J・フォックス、クリストファー・ロイド
304,イコライザー,The Equalizer,2014年,8,False,,,,スリラー、アクション、犯罪,アントワーン・フークア,デンゼル・ワシントン、マートン・チョーカシュ
305,イコライザー2,The Equalizer 2,2018年,6,False,,,,アクション、スリラー、犯罪,アントワーン・フークア,デンゼル・ワシントン、ペドロ・パスカル
306,イコライザー THE FINAL,The Equalizer 3,2023年,6,False,,,,アクション、スリラー、犯罪,アントワーン・フークア,デンゼル・ワシントン、ダコタ・ファニング
307,シン・仮面ライダー,Shin Kamen Rider,2023年,3,False,,,,アクション、ドラマ、サイエンスフィクション,ムトウユージ,小林由美子、池松壮亮
308,バーレスク,Burlesque,2010年,6,False,,,,ドラマ、ロマンス,スティーヴン・アンティン,シェール、クリスティーナ・アギレラ
309,ライフ・オブ・パイトラと漂流した227日,Life of Pi,2012年,6,False,,,,,アン・リー,Suraj Sharma、Irrfan Khan
310,ブロークバック・マウンテン,Brokeback Mountain,2005年,6,False,,,,ドラマ、ロマンス,アン・リー,ヒース・レジャー、ジェイク・ジレンホール
311,シャッターアイランド,Shutter Island,2009年,8,False,,,,,マーティン・スコセッシ,レオナルド・ディカプリオ、マーク・ラファロ
312,ゾディアック,Zodiac,2006年,7,False,,,,犯罪、謎、スリラー,Eduardo Quiroz,Joe Estevez、Todd Bridges
313,ライフ,Life,2017年,4,False,,,,ホラー、サイエンスフィクション、謎,ダニエル・エスピノーサ,ジェイク・ジレンホール、ライアン・レイノルズ
314,ノクターナル・アニマルズ,Nocturnal Animals,2016年,6,False,,,,ドラマ、スリラー,Tom Ford,エイミー・アダムス、ジェイク・ジレンホール
315,雨の日は会えない晴れた日は君を想う,Demolition,2015年,6,False,,,,コメディ、ドラマ,ジャン＝マルク・ヴァレ,ジェイク・ギレンホール、ナオミ・ワッツ
316,サウスポー,Southpaw,2015年,6,False,,,,アクション、ドラマ,アントワーン・フークア,ジェイク・ジレンホール、レイチェル・マクアダムス
317,エベレスト 3D,Everest,2015年,6,False,,,,アドベンチャー、ドラマ、履歴,Baltasar Kormákur,ジェイソン・クラーク、ジョシュ・ブローリン
318,ナイトクローラー,Nightcrawler,2014年,6,False,,,,犯罪、ドラマ、スリラー,ダン・ギルロイ,ジェイク・ジレンホール、リズ・アーメッド
319,エンド・オブ・ウォッチ,End of Watch,2012年,8,False,,,,犯罪、ドラマ、スリラー,David Ayer,ジェイク・ジレンホール、マイケル・ペーニャ
320,ミッション:8 ミニッツ,Source Code,2011年,8,False,,,,スリラー、サイエンスフィクション、謎,Duncan Jones,ジェイク・ジレンホール、ミシェル・モナハン
321,マイ・ブラザー,マイ・ブラザー,2009年,6,False,,,,ドラマ、スリラー、戦争,ジム・シェリダン,トビー・マグワイア、ジェイク・ジレンホール
322,デイ・アフター・トゥモロー,The day after tomorrow,2004年,4,False,,,,サイエンスフィクション、スリラー、アドベンチャー,ローランド・エメリッヒ,Dennis Quaid、ジェイク・ジレンホール
323,ドニー・ダーコ,Donnie Darko,2001年,6,False,,,,ファンタジー、ドラマ、謎,リチャード・ケリー,ジェイク・ジレンホール、ジェナ・マローン
324,遠い空の向こうに,October Sky,1999年,6,False,,,,ドラマ,Joe Johnston,ジェイク・ジレンホール、クリス・クーパー
325,レオン,Léon / Léon: The Professional,1994年,6,False,,,,犯罪、ドラマ、アクション,Luc Besson,ジャン・レノ、ナタリー・ポートマン
326,タクシードライバー,Taxi Driver,1976年,6,False,,,,犯罪、ドラマ,マーティン・スコセッシ,ロバート・デ・ニーロ、ジョディ・フォスター
327,ベイビー・ドライバー,Baby Driver,2017年,8,False,,,,アクション、犯罪,エドガー・ライト,アンセル・エルゴート、ケヴィン・スペイシー
328,デス・レース,Death Race,2008年,4,False,,,,アクション、スリラー、サイエンスフィクション,ポール・W・S・アンダーソン,ジェイソン・ステイサム、ジョーン・アレン
329,グッド・ウィル・ハンティング/旅立ち,Good Will Hunting,1998年,6,False,,,,ドラマ,ガス・ヴァン・サント,マット・デイモン、ロビン・ウィリアムズ
330,グレートウォール,The Great Wall,2016年,3,False,,,,アクション、アドベンチャー、ファンタジー,チャン・イーモウ,マット・デイモン、景甜
331,トゥルー・グリット,True Grit,2010年,8,False,,,,ドラマ、アドベンチャー、西洋,イーサン・コーエン,ジェフ・ブリッジス、ヘイリー・スタインフェルド
332,ボーン・スプレマシー,The Bourne Supremacy,2004年,6,False,,,,アクション、ドラマ、スリラー,ポール・グリーングラス,マット・デイモン、フランカ・ポテンテ
333,ボーン・アイデンティティー,The Bourne Identity,2002年,6,False,,,,アクション、ドラマ、謎、スリラー,ダグ・リーマン,マット・デイモン、フランカ・ポテンテ
334,ボーン・アルティメイタム,The Bourne Ultimatum,2007年,8,False,,,,アクション、ドラマ、謎、スリラー,ポール・グリーングラス,マット・デイモン、ジュリア・スタイルズ
335,ジェイソン・ボーン,JASON BOURNE,2016年,6,False,,,,アクション、アドベンチャー、スリラー,ポール・グリーングラス,マット・デイモン、トミー・リー・ジョーンズ
336,GANTZ,Gantz,2010年,4,False,,,,ホラー、アクション、サイエンスフィクション,佐藤信介,二宮和也、本郷奏多
337,GANTZ: PERFECT ANSWER,Gantz: Perfect Answer,2011年,4,False,,,,アクション、謎、サイエンスフィクション、ホラー,佐藤信介,二宮和也、松山ケンイチ
338,GANTZ:O,Gantz: O,2016年,6,False,,,,アニメーション、サイエンスフィクション、アクション,川村泰,梶裕貴、小野大輔
339,冷たい熱帯魚,COLDFISH,2010年,6,False,,,,ドラマ、スリラー、犯罪、ホラー,園子温,吹越満、でんでん
340,マイ・インターン,The Intern,2015年,8,False,,,,コメディ,Nancy Meyers,ロバート・デ・ニーロ、アン・ハサウェイ
341,野火,Fires on the plain,2014年,8,False,,,,ドラマ、戦争,市川崑,船越英二、滝沢修
342,永遠の0,The Eternal Zero,2013年,2,False,,,,戦争、ドラマ、アクション、謎,山崎貴,岡田准一、三浦春馬
343,ビッグ・フィッシュ,Big Fish,2003年,6,False,,,,アドベンチャー、ファンタジー、ドラマ,ティム・バートン,ユアン・マクレガー、Albert Finney
344,日本で一番悪い奴ら,Twisted Justice,2016年,6,False,,,,コメディ、犯罪、ドラマ,白石和彌,綾野剛、YOUNG DAIS
345,ザ・ハーダー・ゼイ・フォール報復の荒野,The Harder They Fall,2021年,8,False,,,,西洋,Jeymes Samuel,Jonathan Majors、イドリス・エルバ
346,ホワイトハウス・ダウン,White House Down,2013年,4,False,,,,アクション、ドラマ、スリラー,ローランド・エメリッヒ,チャニング・テイタム、ジェイミー・フォックス
347,スペクトル,Spectral,2016年,6,False,,,,サイエンスフィクション、スリラー、アクション,Nic Mathieu,James Badge Dale、エミリー・モーティマー
348,銀魂,Gintama,2017年,6,False,,,,アクション、コメディ、サイエンスフィクション,福田雄一,小栗旬、菅田将暉
349,ジョジョの奇妙な冒険 ダイヤ章モンドは砕けない 第一,oJo's Bizarre Adventure:Diamond Is UnbreakableChapter I,2017年,6,False,,,,,三池崇史,山崎賢人、神木隆之介
350,ゼイ・クローン・タイローン/俺たちクローン,They Cloned Tyrone,2023年,6,False,,,,コメディ、サイエンスフィクション、謎,Juel Taylor,ジョン・ボイエガ、ジェイミー・フォックス
351,ハクソー・リッジ,Hacksaw Ridge,2016年,6,False,,,,ドラマ、履歴、戦争,メル・ギブソン,アンドリュー・ガーフィールド、サム・ワーシントン
352,硫黄島からの手紙,Letters from Iwo Jima,2006年,6,False,,,,アクション、ドラマ、戦争,クリント・イーストウッド,渡辺謙、二宮和也
353,父親たちの星条旗,Flags of Our Fathers,2006年,6,False,,,,戦争、ドラマ、履歴,クリント・イーストウッド,ライアン・フィリップ、Jesse Bradford
354,IT/イット “それ”が見えたら終わり。,It,2017年,6,False,,,,ホラー、スリラー、ドラマ,アンディ・ムスキエティ,ジェイデン・リーバハー、Jeremy Ray Taylor
355,ヘアスプレー,Hairspray,2007年,6,False,,,,コメディ、ロマンス、ドラマ,Adam Shankman,Nikki Blonsky、ジョン・トラボルタ
356,新感染 ファイナル・エクスプレス,부산행 / TRAIN TO BUSAN,2016年,6,False,,,,ホラー、スリラー、アクション、アドベンチャー,연상호,공유、김수안
357,ビースト・オブ・ノー・ネーション,Beasts of No Nation,2015年,6,False,,,,ドラマ、戦争,キャリー・フクナガ,Abraham Attah、イドリス・エルバ
358,FYRE: 夢に終わった史上最高のパーティー,Fyre: The Greatest Party That Never Happened,2019年,6,False,,,,ドキュメンタリー,クリス・スミス,Billy McFarland、Ja Rule
359,ひとつの太陽,陽光普照/A Sun,2019年,8,False,,,,ドラマ、犯罪,鍾孟宏,陳以文、柯淑勤
360,1922,1922,2017年,6,False,,,,ホラー、犯罪、ドラマ,Zak Hilditch,Thomas Jane、モリー・パーカー
361,もののけ姫,PRINCESS MONONOKE,1997年,8,False,,,,アドベンチャー、ファンタジー、アニメーション,宮崎駿,松田洋治、石田ゆり子
362,風立ちぬ,The Wind Rises,2013年,6,False,,,,ドラマ、アニメーション、ロマンス、履歴,宮崎駿,庵野秀明、西島秀俊
363,コクリコ坂から,From Up on Poppy Hill,2011年,6,False,,,,アニメーション、ドラマ,宮崎吾朗,長澤まさみ、岡田准一
364,借りぐらしのアリエッティ,The Secret World of Arrietty,2010年,6,False,,,,ファンタジー、アニメーション、ファミリー,米林宏昌,志田未来、神木隆之介
365,崖の上のポニョ,PONYO,2008年,6,False,,,,アニメーション、ファンタジー、ファミリー,宮崎駿,神月柚莉愛、土井洋輝
366,ハウルの動く城,Howl's Moving Castle,2004年,8,False,,,,ファンタジー、アニメーション、アドベンチャー,宮崎駿,倍賞千恵子、木村拓哉
367,千と千尋の神隠し,SPIRITED AWAY,2001年,8,False,,,,アニメーション、ファミリー、ファンタジー,宮崎駿,柊瑠美、入野自由
368,紅の豚,PORCO ROSSO,1992年,6,False,,,,ファミリー、コメディ、アニメーション、アドベンチャー、ファンタジー,宮崎駿,森山周一郎、加藤登紀子
369,魔女の宅急便,KIKI'S DELIVERY SERVICE,1989年,6,False,,,,アニメーション、ファミリー、ファンタジー、ドラマ,宮崎駿,高山みなみ、佐久間レイ
370,となりのトトロ,MY NEIGHBOR TOTORO,1988年,8,False,,,,ファンタジー、アニメーション、ファミリー,宮崎駿,日髙のり子、坂本千夏
371,天空の城ラピュタ,LAPUTA: CASTLE IN THE SKY,1986年,8,False,,,,アドベンチャー、ファンタジー、アニメーション、アクション、ファミリー,宮崎駿,よこざわけい子、田中真弓
372,風の谷のナウシカ,NAUSICAA OF THE VALLEY OF WIND,1984年,8,False,,,,アドベンチャー、アニメーション、ファンタジー,宮崎駿,島本須美、永井一郎
373,ルパン三世 カリオストロの城,The Castle of Cagliostro,1979年,6,False,,,,アニメーション、アドベンチャー、コメディ、犯罪,宮崎駿,山田康雄、小林清志
374,サマーウォーズ,Summer Wars,2009年,6,False,,,,アニメーション、サイエンスフィクション,細田守,神木隆之介、宮内ひとみ
375,おおかみこどもの雨と雪,Wolf Children,2012年,6,False,,,,アニメーション、ファミリー、ドラマ、ファンタジー,細田守,黒木華、西井幸人
376,時をかける少女,The Girl Who Leapt Through Time,2006年,6,False,,,,ファンタジー、アニメーション、ドラマ、サイエンスフィクション,細田守,仲里依紗、石田卓也
377,イヴの時間 劇場版,Time of Eve: The Movie,2009年,8,False,,,,アニメーション、サイエンスフィクション、ドラマ,吉浦康裕,福山潤、田中理恵
378,ペイル・コクーン,PALE COCOON,2005年,6,False,,,,アニメーション、サイエンスフィクション,吉浦康裕,川島美菜子、中尾みち雄
379,エノーラ・ホームズの事件簿,Enola Holmes,2020年,6,False,,,,アドベンチャー、謎、犯罪,Harry Bradbeer,ミリー・ボビー・ブラウン、ヘンリー・カヴィル
380,エノーラ・ホームズの事件簿2,Enola Holmes 2,2022年,4,False,,,,アドベンチャー、謎、犯罪,Harry Bradbeer,ミリー・ボビー・ブラウン、ヘンリー・カヴィル
381,コードネーム U.N.C.L.E.,The Man from U.N.C.L.E.,2014年,6,False,,,,コメディ、アクション、アドベンチャー,ガイ・リッチー,ヘンリー・カヴィル、アーミー・ハマー
382,パディントン,Paddington,2014年,8,False,,,,コメディ、アドベンチャー、ファミリー,Paul King,ベン・ウィショー、ヒュー・ボネヴィル
383,ザ・ストレンジャー: 見知らぬ男,The Stranger,2022年,8,False,,,,スリラー、犯罪、ドラマ,Thomas M. Wright,ジョエル・エドガートン、Sean Harris
384,イット・カムズ・アット・ナイト,It Comes at Night,2017年,6,False,,,,ドラマ、ホラー、謎,Trey Edward Shults,ジョエル・エドガートン、クリストファー・アボット
385,ザ・ギフト,The Gift,2015年,6,False,,,,スリラー、謎、ドラマ,ジョエル・エドガートン,ジョエル・エドガートン、レベッカ・ホール
386,華麗なるギャツビー,The Great Gatsby,2013年,6,False,,,,ドラマ、ロマンス,バズ・ラーマン,レオナルド・ディカプリオ、トビー・マグワイア
387,ゼロ・ダーク・サーティ,Zero Dark Thirty,2012年,6,False,,,,スリラー、ドラマ,キャスリン・ビグロー,ジェシカ・チャステイン、ジェイソン・クラーク
388,レヴェナント:蘇えりし者,The Revenant,2015年,6,False,,,,西洋、ドラマ、アドベンチャー,アレハンドロ・ゴンサレス・イニャリトゥ,レオナルド・ディカプリオ、トム・ハーディ
389,ブラッド・ダイヤモンド,Blood Diamond,2006年,8,False,,,,ドラマ、スリラー、アクション,Edward Zwick,レオナルド・ディカプリオ、ジャイモン・フンスー
390,ディパーテッド,The Departed,2006年,9,False,,,,ドラマ、スリラー、犯罪,マーティン・スコセッシ,レオナルド・ディカプリオ、マット・デイモン
391,キャッチ・ミー・イフ・ユー・キャン,Catch Me If You Can,2002年,8,False,,,,ドラマ、犯罪,スティーヴン・スピルバーグ,レオナルド・ディカプリオ、トム・ハンクス
392,シャザム!,SHAZAM!,2019年,6,False,,,,アクション、コメディ、ファンタジー,David F. Sandberg,Zachary Levi、マーク・ストロング
393,カラスの親指,Crow's Thumb,2012年,6,False,,,,スリラー、ドラマ、コメディ,伊藤匡史,阿部寛、石原さとみ
394,ルディ・レイ・ムーア,Dolemite Is My Name,2019年,6,False,,,,ドラマ、コメディ、履歴,Craig Brewer,エディ・マーフィ、ウェズリー・スナイプス
395,シャドー・オブ・ナイト,The Night Comes for Us,2018年,6,False,,,,アクション、犯罪、スリラー,ティモ・ジャヤント,ジョー・タスリム、イコ・ウワイス
396,スピード,Speed,1994年,6,False,,,,アクション、スリラー,ヤン・デ・ボン,キアヌ・リーブス、デニス・ホッパー
397,スピード2,Speed 2: Cruise Control,1997年,4,False,,,,アクション、スリラー,ヤン・デ・ボン,サンドラ・ブロック、Jason Patric
398,エクスペンダブルズ,The Expendables,2010年,6,False,,,,スリラー、アドベンチャー、アクション,シルヴェスター・スタローン,シルヴェスター・スタローン、ジェイソン・ステイサム
399,エクスペンダブルズ2,The Expendables 2,2012年,6,False,,,,アクション、アドベンチャー、スリラー,サイモン・ウェスト,シルヴェスター・スタローン、ジェイソン・ステイサム
400,エクスペンダブルズ3 ワールドミッション,The Expendables 3,2014年,6,False,,,,アクション、アドベンチャー、スリラー,パトリック・ヒューズ,シルヴェスター・スタローン、ジェイソン・ステイサム
401,"ザ・スーサイド・スクワッド ""極""悪党集結",The Suicide Squad,2021年,6,False,,,,アクション、コメディ、アドベンチャー,ジェームズ・ガン,マーゴット・ロビー、イドリス・エルバ
402,ランボー ラスト・ブラッド,Rambo: Last Blood,2019年,6,False,,,,アクション、スリラー、ドラマ,エイドリアン・グランバーグ,シルヴェスター・スタローン、Paz Vega
403,ランボー 最後の戦場,Rambo,2008年,6,False,,,,アクション、スリラー、戦争,シルヴェスター・スタローン,シルヴェスター・スタローン、Julie Benz
404,ランボー,First Blood,1982年,6,False,,,,アクション、アドベンチャー、スリラー、戦争,Ted Kotcheff,シルヴェスター・スタローン、リチャード・クレンナ
405,ランボー/怒りの脱出,Rambo: First Blood Part II,1985年,6,False,,,,アクション、アドベンチャー、スリラー、戦争,George P. Cosmatos,シルヴェスター・スタローン、リチャード・クレンナ
406,Tinder詐欺師: 恋愛は大金を生む,The Tinder Swindler,2022年,6,False,,,,ドキュメンタリー、犯罪,Felicity Morris,Shimon Yehuda Hayut、Cecilie Fjellhøy
407,シンデレラ,Cinderella,2015年,6,False,,,,ロマンス、ファンタジー、ファミリー、ドラマ,ケネス・ブラナー,リリー・ジェームズ、ケイト・ブランシェット
408,エンド・ゲーム 最期のあり方,End Game,2018年,6,False,,,,,ロブ・エプスタイン,ゼン・シェン＝ジェン、ブルース・ミラー
409,好きだった君へのラブレター,To All the Boys I've Loved Before,2018年,6,False,,,,コメディ、ロマンス,Susan Johnson,ラナ・コンドル、Noah Centineo
410,ザ・ファイブ・ブラッズ,Da 5 Bloods,2020年,6,False,,,,戦争、ドラマ,スパイク・リー,デルロイ・リンドー、Jonathan Majors
411,この世に私の居場所なんてない,I Don't Feel at Home in This World Anymore,2017年,8,False,,,,スリラー、ドラマ、犯罪、コメディ,メイコン・ブレア,メラニー・リンスキー、イライジャ・ウッド
412,ミス・アメリカーナ,Taylor Swift: Miss Americana,2020年,8,False,,,,ドキュメンタリー、音楽,Lana Wilson,テイラー・スウィフト、Todrick Hall
413,Togo/トーゴー,Togo,2022年,4,False,,,,アドベンチャー、ファミリー,Adrián Caetano,Diego Alonso、Tito Prieto
414,スウィート17 モンスター,The Edge of Seventeen,2016年,6,False,,,,コメディ、ドラマ,ケリー・フレモン・クレイグ,ヘイリー・スタインフェルド、ウディ・ハレルソン
415,イカロス,Icarus,2017年,8,False,,,,ドキュメンタリー,Bryan Fogel,Bryan Fogel、Dave Zabriskie
416,マイヤーウィッツ家の人々 (改訂版),The Meyerowitz Stories (New and Selected),2017年,6,False,,,,コメディ、ドラマ,ノア・バームバック,アダム・サンドラー、ベン・スティラー
417,ジェラルドのゲーム,Gerald's Game,2017年,6,False,,,,ホラー、スリラー,マイク・フラナガン,カーラ・グギノ、Bruce Greenwood
418,ブルー・ジェイ,Blue Jay,2016年,6,False,,,,,Alexandre Lehmann,マーク・デュプラス、サラ・ポールソン
419,ロスト・バケーション,The Shallows,2016年,6,False,,,,ホラー、ドラマ、スリラー,ジャウム・コレット＝セラ,ブレイク・ライヴリー、オスカル・ハエナダ
420,ロスト・ドーター,The Lost Daughter,2021年,4,False,,,,ドラマ,Maggie Gyllenhaal,オリヴィア・コールマン、ジェシー・バックリー
421,失くした体,J'ai perdu mon corps/I Lost My Body,2019年,6,False,,,,アニメーション、ドラマ、ファンタジー,Jérémy Clapin,Hakim Faris、Victoire du Bois
422,アンダー・ザ・シャドウ影の魔物,Under the Shadow,2016年,6,False,,,,,Babak Anvari,Narges Rashidi、Avin Manshadi
423,浮き草たち,Tramps,2016年,6,False,,,,コメディ、ドラマ、ロマンス,Adam Leon,カラム・ターナー、グレース・ヴァン・パットン
424,ストロング・アイランド,Strong Island,2017年,6,False,,,,,Yance Ford,Yance Ford、Harvey Walker
425,ヴィルンガ,Virunga,2014年,6,False,,,,,Orlando von Einsiedel,André Bauma、Emmanuel de Merode
426,イントゥ・ザ・インフェルノ-マグマの世界-,Into the Inferno,2016年,6,False,,,,,ヴェルナー・ヘルツォーク,ヴェルナー・ヘルツォーク、クライヴ・オッペンハイマー
427,40歳の解釈: ラダの場合,The 40-Year-Old Version,2020年,6,False,,,,コメディ、ドラマ、音楽,Radha Blank,Radha Blank、Peter Y. Kim
428,サーカス・オブ・ブックス,Circus of Books,2019年,6,False,,,,ドキュメンタリー、履歴,Rachel Mason,Rachel Mason、Josh Mason
429,SISU/シス 不死身の男,Sisu,2022年,6,False,,,,アクション、戦争、スリラー,Jalmari Helander,Jorma Tommila、Aksel Hennie
430,天使にラブ・ソングを...,Sister Act,1992年,6,False,,,,音楽、コメディ,Emile Ardolino,ウーピー・ゴールドバーグ、マギー・スミス
431,天使にラブ・ソングを2,Sister Act 2: Back in the Habit,1993年,6,False,,,,音楽、コメディ,ビル・デューク,ウーピー・ゴールドバーグ、Kathy Najimy
432,ポリスアカデミー,POLICE ACADEMY,1984年,6,False,,,,コメディ、犯罪,Hugh Wilson,Steve Guttenberg、キム・キャトラル
433,NOPE/ノープ,Nope,2022年,6,False,,,,ホラー、サイエンスフィクション,ジョーダン・ピール,ダニエル・カルーヤ、キキ・パーマー
434,ゲット・アウト,Get Out,2017年,6,False,,,,謎、スリラー、ホラー,ジョーダン・ピール,ダニエル・カルーヤ、アリソン・ウィリアムズ
435,ミッドサマー,Midsommar,2019年,4,False,,,,ホラー、ドラマ、謎,アリ・アスター,フローレンス・ピュー、ジャック・レイナー
436,ヘレディタリー/継承,Hereditary,2018年,6,False,,,,ホラー、謎、スリラー,アリ・アスター,トニ・コレット、アレックス・ウルフ
437,PROSPECT プロスペクト,Prospect,2018年,8,False,,,,,Zeek Earl,ソフィー・サッチャー、ペドロ・パスカル
438,レディ・オア・ノット,Ready or Not,2019年,8,False,,,,ホラー、コメディ,マット・ベティネッリ＝オルピン,サマラ・ウィーヴィング、マーク・オブライエン
439,ミスミソウ,Liverleaf,2017年,4,False,,,,ホラー、スリラー、ドラマ,内藤瑛亮,山田杏奈、清水尋也
440,エンパイア レコード,EMPIRE RECORDS,1995年,6,False,,,,コメディ、ドラマ、ロマンス,Allan Moyle,リヴ・タイラー、Johnny Whitworth
441,メランコリア,Melancholia,2011年,6,False,,,,ドラマ、サイエンスフィクション,ラース・フォン・トリアー,キルスティン・ダンスト、シャルロット・ゲンズブール
442,時計じかけのオレンジ,A Clockwork Orange,1971年,6,False,,,,サイエンスフィクション、犯罪,スタンリー・キューブリック,マルコム・マクダウェル、パトリック・マギー
443,フルメタル・ジャケット,Full Metal Jacket,1987年,6,False,,,,ドラマ、戦争,スタンリー・キューブリック,マシュー・モディーン、アダム・ボールドウィン
444,2001年宇宙の旅,2001: A Space Odyssey,1968年,4,False,,,,サイエンスフィクション、謎、アドベンチャー,スタンリー・キューブリック,Keir Dullea、Gary Lockwood
445,エルフ ~サンタの国からやってきた〜,ELF,2003年,6,False,,,,コメディ、ファミリー、ファンタジー,ジョン・ファヴロー,ウィル・フェレル、ジェームズ・カーン
446,シェフ 三ツ星フードトラック始めました,Chef,2014年,8,False,,,,コメディ,ジョン・ファヴロー,ジョン・ファヴロー、ジョン・レグイザモ
447,ナイトミュージアム,Night at the Museum,2006年,6,False,,,,,ショーン・レヴィ,ベン・スティラー、カーラ・グギノ
448,ナイトミュージアム2,Night at the Museum: Battle of the Smithsonian,2009年,6,False,,,,,ショーン・レヴィ,ベン・スティラー、エイミー・アダムス
449,ナイトミュージアム エジプト王の秘密,Night at the Museum: Secret of the Tomb,2014年,6,False,,,,,ショーン・レヴィ,ベン・スティラー、ロビン・ウィリアムズ
450,LIFE!,The Secret Life of Walter Mitty,2013年,6,False,,,,アドベンチャー、コメディ、ドラマ、ファンタジー,ベン・スティラー,ベン・スティラー、クリステン・ウィグ
451,魔法にかけられて,Enchanted,2007年,6,False,,,,コメディ、ファミリー、ファンタジー、ロマンス,Kevin Lima,エイミー・アダムス、パトリック・デンプシー
452,アナと雪の女王,Frozen,2013年,6,False,,,,アニメーション、ファミリー、アドベンチャー、ファンタジー,Chris Buck,Idina Menzel、クリステン・ベル
453,ライラの冒険 黄金の羅針盤,The Golden Compass,2007年,4,False,,,,アドベンチャー、ファンタジー,クリス・ワイツ,ニコール・キッドマン、ダニエル・クレイグ
454,300 スリーハンドレッド帝国の進撃,300: Rise of an Empire,2014年,4,False,,,,アクション、ドラマ、戦争,Noam Murro,Sullivan Stapleton、エヴァ・グリーン
455,300 <スリーハンドレッド>,300,2007年,6,False,,,,アクション、アドベンチャー、戦争,ザック・スナイダー,ジェラルド・バトラー、レナ・ヘディ
456,ハンターキラー 潜航せよ,Hunter Killer,2018年,6,False,,,,アクション、アドベンチャー、スリラー,Donovan Marsh,ジェラルド・バトラー、ゲイリー・オールドマン
457,ジオストーム,Geostorm,2017年,6,False,,,,アクション、サイエンスフィクション、スリラー,ディーン・デヴリン,ジェラルド・バトラー、Alexandra Maria Lara
458,キング・オブ・エジプト,Gods of Egypt,2016年,4,False,,,,アクション、アドベンチャー、ファンタジー,アレックス・プロヤス,ニコライ・コスター＝ワルドー、Brenton Thwaites
459,エンド・オブ・ホワイトハウス,Olympus Has Fallen,2013年,6,False,,,,アクション、スリラー,アントワーン・フークア,ジェラルド・バトラー、アーロン・エッカート
460,ジュマンジ,Jumanji,1995年,6,False,,,,アドベンチャー、ファンタジー、ファミリー,Joe Johnston,ロビン・ウィリアムズ、キルスティン・ダンスト
461,ジュマンジ/ウェルカム・トゥ・ジャングル,Jumanji: Welcome to the Jungle,2017年,6,False,,,,アドベンチャー、コメディ、ファンタジー、アクション,ジェイク・カスダン,ドウェイン・ジョンソン、ケヴィン・ハート
462,ジュマンジ/ネクスト・レベル,Jumanji: The Next Level,2019年,6,False,,,,アドベンチャー、コメディ、ファンタジー,ジェイク・カスダン,ドウェイン・ジョンソン、ケヴィン・ハート
463,ブラックアダム,Black Adam,2022年,6,False,,,,アクション、アドベンチャー、サイエンスフィクション,ジャウム・コレット＝セラ,ドウェイン・ジョンソン、オルディス・ホッジ
464,レッド・ノーティス,Red Notice,2021年,6,False,,,,アクション、コメディ、犯罪,Rawson Marshall Thurber,ドウェイン・ジョンソン、ライアン・レイノルズ
465,ワイルド・スピード/スーパーコンボ,Fast & Furious Presents: Hobbs & Shaw,2019年,6,False,,,,アクション、アドベンチャー、コメディ,デヴィッド・リーチ,ドウェイン・ジョンソン、ジェイソン・ステイサム
466,スカイスクレイパー,Skyscraper,2018年,4,False,,,,アクション、スリラー、アドベンチャー,Rawson Marshall Thurber,ドウェイン・ジョンソン、ネーヴ・キャンベル
467,ランペイジ 巨獣大乱闘,Rampage,2018年,4,False,,,,アクション、アドベンチャー、サイエンスフィクション,ブラッド・ペイトン,ドウェイン・ジョンソン、Naomie Harris
468,カリフォルニア・ダウン,San Andreas,2015年,4,False,,,,アクション、ドラマ、スリラー,ブラッド・ペイトン,ドウェイン・ジョンソン、アレクサンドラ・ダダリオ
469,ペイン&ゲイン 史上最低の一攫千金,PAIN & GAIN,2013年,8,False,,,,コメディ、犯罪、アクション,マイケル・ベイ,マーク・ウォールバーグ、ドウェイン・ジョンソン
470,センター・オブ・ジ・アース2 神秘の島,Journey 2: The Mysterious Island,2012年,4,False,,,,アドベンチャー、アクション、サイエンスフィクション,ブラッド・ペイトン,ドウェイン・ジョンソン、ジョシュ・ハッチャーソン
471,ハムナプトラ2黄金のピラミッド,The Mummy Returns,2001年,6,False,,,,アドベンチャー、アクション、ファンタジー,Stephen Sommers,ブレンダン・フレイザー、レイチェル・ワイズ
472,ハムナプトラ 失われた砂漠の都,The Mummy,1999年,6,False,,,,アドベンチャー、アクション、ファンタジー,Stephen Sommers,ブレンダン・フレイザー、レイチェル・ワイズ
473,ハムナプトラ3 呪われた皇帝の秘宝,The Mummy: Tomb of the Dragon Emperor,2008年,4,False,,,,アドベンチャー、アクション、ファンタジー,Rob Cohen,ブレンダン・フレイザー、マリア・ベロ
474,シャンハイ・ヌーン,SHANGHAI NOON,2000年,2,False,,,,アドベンチャー、アクション、コメディ、西洋,Tom Dey,ジャッキー・チェン、オーウェン・ウィルソン
475,ベスト・キッド,The Karate Kid,2010年,6,False,,,,アクション、アドベンチャー、ドラマ、ファミリー,ハラルド・ズワルト,ジェイデン・スミス、ジャッキー・チェン
476,ラッシュアワー,Rush Hour,1998年,6,False,,,,アクション、コメディ、犯罪,ブレット・ラトナー,ジャッキー・チェン、クリス・タッカー
477,タキシード,The Tuxedo,2002年,4,False,,,,スリラー、アクション、コメディ、サイエンスフィクション,Kevin Donovan,ジャッキー・チェン、ジェニファー・ラブ・ヒューイット
478,ポリス・ストーリー 香港国際警察,警察故事/Police Story,1985年,6,False,,,,アクション、犯罪、コメディ,ジャッキー・チェン,ジャッキー・チェン、ブリジット・リン
479,パーシー・ジャクソンとオリンポスの神々,Percy Jackson & the Olympians: The LightningThief,2010年,4,False,,,,アドベンチャー、ファンタジー、ファミリー,クリス・コロンバス,ローガン・ラーマン、Brandon T. Jackson
480,アバター,Avatar,2009年,6,False,,,,アクション、アドベンチャー、サイエンスフィクション,ジェームズ・キャメロン,サム・ワーシントン、ゾーイ・サルダナ
481,タイタンの戦い,Clash of the Titans,2010年,6,False,,,,アドベンチャー、ファンタジー、アクション,ルイ・レテリエ,サム・ワーシントン、Gemma Arterton
482,タイタンの逆襲,WRATH OF THE TITANS,2012年,4,False,,,,ファンタジー、アドベンチャー、アクション,ジョナサン・リーベスマン,サム・ワーシントン、リーアム・ニーソン
483,レイダース/失われたアーク《聖櫃》,Raiders of the Lost Ark,1981年,8,False,,,,アドベンチャー、アクション,スティーヴン・スピルバーグ,ハリソン・フォード、カレン・アレン
484,インディ・ジョーンズ/魔宮の伝説,Indiana Jones and the Temple of Doom,1984年,8,False,,,,アドベンチャー、アクション,スティーヴン・スピルバーグ,ハリソン・フォード、ケイト・キャプショー
485,インディ・ジョーンズ/最後の聖戦,Indiana Jones and the Last Crusade,1989年,8,False,,,,アドベンチャー、アクション,スティーヴン・スピルバーグ,ハリソン・フォード、ショーン・コネリー
486,インディ・ジョーンズ/クリスタル・スカルの王国,Indiana Jones and the Kingdom of the CrystalSkull,2008年,6,False,,,,アドベンチャー、アクション,スティーヴン・スピルバーグ,ハリソン・フォード、ケイト・ブランシェット
487,インディ・ジョーンズと運命のダイヤルダイヤル,Indiana Jones and the Dial of Destiny,2023年,6,False,,,,,ジェームズ・マンゴールド,ハリソン・フォード、フィービー・ウォーラー＝ブリッジ
488,ヒューゴの不思議な発明,Hugo,2011年,6,False,,,,アドベンチャー、ドラマ、ファミリー,マーティン・スコセッシ,エイサ・バターフィールド、ベン・キングズレー
489,SPY/スパイ,Spy,2015年,6,False,,,,アクション、コメディ、犯罪,ポール・フェイグ,メリッサ・マッカーシー、ローズ・バーン
490,シャーロック・ホームズ,Sherlock Holmes,2009年,6,False,,,,アドベンチャー、犯罪、謎,ガイ・リッチー,ロバート・ダウニー・Jr、ジュード・ロウ
491,シャーロック・ホームズシャドウゲーム,Sherlock Holmes: A Game of Shadows,2011年,6,False,,,,,ガイ・リッチー,ロバート・ダウニー・Jr、ジュード・ロウ
492,アバウト・タイム 愛おしい時間について,About time,2013年,6,False,,,,ドラマ、ロマンス、ファンタジー,Richard Curtis,ドーナル・グリーソン、レイチェル・マクアダムス
493,エクス・マキナ,Ex Machina,2015年,6,False,,,,ドラマ、サイエンスフィクション,アレックス・ガーランド,ドーナル・グリーソン、アリシア・ヴィキャンデル
494,アナイアレイション-全滅領域-,Annihilation,2017年,8,False,,,,サイエンスフィクション、ホラー,Bobcat Goldthwait,パットン・オズワルト
495,十三人の刺客,13 Assassins,2010年,6,False,,,,アドベンチャー、ドラマ、アクション,三池崇史,役所広司、山田孝之
496,悪の教典,Lesson of the Evil,2012年,2,False,,,,ホラー、スリラー,三池崇史,伊藤英明、二階堂ふみ
497,アンチャーテッド,Uncharted,2022年,6,False,,,,アクション、アドベンチャー,ルーベン・フライシャー,トム・ホランド、マーク・ウォールバーグ
498,ヒート,Heat,1995年,8,False,,,,犯罪、ドラマ、アクション,マイケル・マン,アル・パチーノ、ロバート・デ・ニーロ
499,ドラゴン・タトゥーの女,The Girl with the Dragon Tattoo,2011年,8,False,,,,スリラー、犯罪、謎,デヴィッド・フィンチャー,ダニエル・クレイグ、ルーニー・マーラ
500,"アイ,ロボット",IROBOT,2004年,6,False,,,,アクション、サイエンスフィクション,アレックス・プロヤス,ウィル・スミス、Bridget Moynahan
501,アイ・アム・レジェンド,I Am Legend,2007年,6,False,,,,ドラマ、サイエンスフィクション、スリラー,フランシス・ローレンス,ウィル・スミス、アリシー・ブラガ
502,アフター・アース,After Earth,2013年,2,False,,,,サイエンスフィクション、アクション、アドベンチャー,M・ナイト・シャマラン,ジェイデン・スミス、ウィル・スミス
503,シックス・センス,The Sixth Sense,1999年,6,False,,,,謎、スリラー、ドラマ,M・ナイト・シャマラン,ブルース・ウィリス、ハーレイ・ジョエル・オスメント
504,ダイ・ハード,Die Hard,1988年,6,False,,,,アクション、スリラー,ジョン・マクティアナン,ブルース・ウィリス、アラン・リックマン
505,ダイ・ハード2,Die Hard 2,1990年,6,False,,,,アクション、スリラー,レニー・ハーリン,ブルース・ウィリス、Bonnie Bedelia
506,ダイ・ハード3,Die Hard: With a Vengeance,1995年,6,False,,,,アクション、スリラー,ジョン・マクティアナン,ブルース・ウィリス、サミュエル・Ｌ・ジャクソン
507,ダイ・ハード4.0,Live Free or Die Hard,2007年,4,False,,,,アクション、スリラー,レン・ワイズマン,ブルース・ウィリス、ティモシー・オリファント
508,ダイ・ハード/ラスト・デイ,A Good Day to Die Hard,2012年,2,False,,,,アクション、スリラー,John Moore,ブルース・ウィリス、ジェイ・コートニー
509,ハート・ロッカー,The Hurt Locker,2008年,6,False,,,,ドラマ、スリラー、戦争,キャスリン・ビグロー,ジェレミー・レナー、アンソニー・マッキー
510,ミニミニ大作戦,The Italian Job,2003年,6,False,,,,アクション、犯罪,Ｆ・ゲイリー・グレイ,マーク・ウォールバーグ、シャーリーズ・セロン
511,ファイト・クラブ,Fight Club,1999年,8,False,,,,ドラマ、スリラー,デヴィッド・フィンチャー,エドワード・ノートン、ブラッド・ピット
512,グッドフェローズ,Goodfellas,1990年,6,False,,,,ドラマ、犯罪,マーティン・スコセッシ,ロバート・デ・ニーロ、レイ・リオッタ
513,コンスタンティン,Constantine,2005年,6,False,,,,ファンタジー、アクション、ホラー,フランシス・ローレンス,キアヌ・リーブス、レイチェル・ワイズ
514,マトリックス,The Matrix,1999年,6,False,,,,アクション、サイエンスフィクション,ラナ・ウォシャウスキー,キアヌ・リーブス、ローレンス・フィッシュバーン
515,マトリックス リローデッド,The Matrix Reloaded,2003年,6,False,,,,アドベンチャー、アクション、スリラー、サイエンスフィクション,リリー・ウォシャウスキー,キアヌ・リーブス、ローレンス・フィッシュバーン
516,マトリックス レボリューションズ,The Matrix Revolutions,2003年,6,False,,,,アドベンチャー、アクション、スリラー、サイエンスフィクション,リリー・ウォシャウスキー,キアヌ・リーブス、ローレンス・フィッシュバーン
517,マトリックス レザレクションズ,The Matrix Resurrections,2021年,6,False,,,,サイエンスフィクション、アクション、アドベンチャー,ラナ・ウォシャウスキー,キアヌ・リーブス、キャリー＝アン・モス
518,ゴーストバスターズ,Ghostbusters,1984年,6,False,,,,コメディ、ファンタジー,アイヴァン・ライトマン,ビル・マーレイ、ダン・エイクロイド
519,ゴーストバスターズ,Ghostbusters,2016年,6,False,,,,アクション、ファンタジー、コメディ,ポール・フェイグ,クリステン・ウィグ、メリッサ・マッカーシー
520,ゴーストバスターズ/アフターライフ,Ghostbusters: Afterlife,2021年,6,False,,,,ファンタジー、コメディ、アドベンチャー,ジェイソン・ライトマン,マッケンナ・グレース、フィン・ウルフハード
521,ゾンビランド,Zombieland,2009年,6,False,,,,コメディ、ホラー,ルーベン・フライシャー,ジェシー・アイゼンバーグ、ウディ・ハレルソン
522,ゾンビランド: ダブルタップ,Zombieland: Double Tap,2019年,6,False,,,,ホラー、コメディ,ルーベン・フライシャー,ウディ・ハレルソン、ジェシー・アイゼンバーグ
523,美女と野獣,Beauty and The Beast,2017年,6,False,,,,ファミリー、ファンタジー、ロマンス,ビル・コンドン,エマ・ワトソン、ダン・スティーヴンス
524,美女と野獣,La belle et la bete / beauty and the beast,2014年,4,False,,,,ファンタジー、ロマンス,クリストフ・ガンズ,ヴァンサン・カッセル、レア・セドゥ
525,ヴェノム,Venom,2018年,4,False,,,,サイエンスフィクション、アクション,ルーベン・フライシャー,トム・ハーディ、ミシェル・ウィリアムズ
526,ケイト,Kate,2021年,6,False,,,,アクション、スリラー,Cedric Nicolas-Troyan,メアリー・エリザベス・ウィンステッド、Miku Martineau
527,スリー・ビルボード,Three Billboards Outside Ebbing Missouri,2017年,6,False,,,,犯罪、ドラマ,マーティン・マクドナー,フランシス・マクドーマンド、ウディ・ハレルソン
528,グランド・イリュージョン,Now You See Me / Grand Illusion,2013年,6,False,,,,スリラー、犯罪,ルイ・レテリエ,ジェシー・アイゼンバーグ、ウディ・ハレルソン
529,グランド・イリュージョン 見破られたトリック,Now You See Me 2,2016年,6,False,,,,スリラー、犯罪,ジョン・M・チュウ,ジェシー・アイゼンバーグ、マーク・ラファロ
530,ハンガー・ゲーム,The Hunger Games,2012年,6,False,,,,サイエンスフィクション、アドベンチャー、アクション、スリラー,Gary Ross,ジェニファー・ローレンス、ジョシュ・ハッチャーソン
531,ハンガー・ゲーム2,The Hunger Games: Catching Fire,2013年,6,False,,,,アドベンチャー、アクション、サイエンスフィクション,フランシス・ローレンス,ジェニファー・ローレンス、ジョシュ・ハッチャーソン
532,ハンガー・ゲーム FINAL: レジスタンス,The Hunger Games: Mockingjay - Part 1,2014年,4,False,,,,サイエンスフィクション、アドベンチャー、スリラー,フランシス・ローレンス,ジェニファー・ローレンス、ジョシュ・ハッチャーソン
533,ハンガー・ゲーム FINAL: レボリューション,The Hunger Games: Mockingjay - Part 2,2015年,4,False,,,,アクション、アドベンチャー、サイエンスフィクション,フランシス・ローレンス,ジェニファー・ローレンス、ジョシュ・ハッチャーソン
534,ウィンターズ・ボーン,WINTER'S BONE,2010年,6,False,,,,ドラマ、謎,Debra Granik,ジェニファー・ローレンス、John Hawkes
535,ウォーム・ボディーズ,Warm Bodies,2013年,6,False,,,,ホラー、コメディ、ロマンス,Jonathan Levine,ニコラス・ホルト、テリーサ・パーマー
536,X-ミッション,Point Break,2015年,4,False,,,,アクション、アドベンチャー、犯罪、スリラー,Ericson Core,エドガー・ラミレス、ルーク・ブレイシー
537,きっとうまくいく,3 Idiots,2009年,6,False,,,,ドラマ、コメディ,Rajkumar Hirani,Aamir Khan、R. Madhavan
538,PK,Ρ.Κ.,2014年,6,False,,,,コメディ、ドラマ、サイエンスフィクション,Rajkumar Hirani,Aamir Khan、Anushka Sharma
539,暁に祈れ,A Prayer Before Dawn,2017年,6,False,,,,ドラマ、アクション、犯罪,Jean-Stéphane Sauvaire,Joe Cole、วิทยา ปานศรีงาม
540,ブレット・トレイン,Bullet Train,2022年,6,False,,,,アクション、コメディ、スリラー,デヴィッド・リーチ,ブラッド・ピット、ジョーイ・キング
541,キングスマン,Kingsman: The Secret Service,2015年,8,False,,,,犯罪、コメディ、アクション、アドベンチャー,マシュー・ヴォーン,タロン・エジャトン、Colin Firth
542,キングスマン:ゴールデン・サークル,Kingsman: The Golden Circle,2017年,6,False,,,,アクション、アドベンチャー、コメディ、犯罪,マシュー・ヴォーン,タロン・エジャトン、Colin Firth
543,キングスマン: ファースト・エージェント,THE KING'S MAN/Kingsman: The Great Game,2020年,4,False,,,,アクション、アドベンチャー、スリラー,マシュー・ヴォーン,レイフ・ファインズ、Gemma Arterton
544,スターダスト,STARDUST,2007年,6,False,,,,アドベンチャー、ファンタジー、ロマンス、ファミリー,マシュー・ヴォーン,チャーリー・コックス、クレア・デインズ
545,ゴッドファーザー,The Godfather,1972年,6,False,,,,ドラマ、犯罪,フランシス・フォード・コッポラ,マーロン・ブランド、アル・パチーノ
546,ゴッドファーザーPART II,The Godfather: Part II,1974年,6,False,,,,ドラマ、犯罪,フランシス・フォード・コッポラ,アル・パチーノ、ロバート・デュヴァル
547,アイリッシュマン,The Irishman,2019年,6,False,,,,犯罪、ドラマ、履歴,マーティン・スコセッシ,ロバート・デ・ニーロ、アル・パチーノ
548,鑑定士と顔のない依頼人,La migliore offerta / The Best Offer,2013年,6,False,,,,ドラマ、ロマンス、犯罪,ジュゼッペ・トルナトーレ,ジェフリー・ラッシュ、ジム・スタージェス
549,ワールド・ウォーZ,World War Z,2013年,6,False,,,,アクション、ホラー、サイエンスフィクション、スリラー,マーク・フォースター,ブラッド・ピット、Mireille Enos
550,地球が静止する日,The Day the Earth Stood Still,2008年,2,False,,,,ドラマ、サイエンスフィクション、スリラー,スコット・デリクソン,キアヌ・リーブス、ジェニファー・コネリー
551,宇宙戦争,War of the Worlds,2005年,6,False,,,,アドベンチャー、スリラー、サイエンスフィクション,スティーヴン・スピルバーグ,トム・クルーズ、ダコタ・ファニング
552,オブリビオン,Oblivion,2013年,6,False,,,,アクション、サイエンスフィクション、アドベンチャー、謎,ジョセフ・コシンスキー,トム・クルーズ、モーガン・フリーマン
553,ナイト&デイ,Knight and Day,2010年,6,False,,,,アクション、コメディ,ジェームズ・マンゴールド,トム・クルーズ、キャメロン・ディアス
554,スイス・アーミー・マン,Swiss Army Man,2016年,6,False,,,,コメディ、ドラマ、ロマンス、ファンタジー、アドベンチャー,Daniel Kwan,Paul Dano、ダニエル・ラドクリフ
555,コラテラル,Collateral,2004年,8,False,,,,ドラマ、犯罪、スリラー,マイケル・マン,トム・クルーズ、ジェイミー・フォックス
556,マイノリティ・リポート,Minority Report,2002年,6,False,,,,サイエンスフィクション、アクション、スリラー,スティーヴン・スピルバーグ,トム・クルーズ、サマンサ・モートン
557,レインマン,Rain Man,1988年,8,False,,,,ドラマ,バリー・レヴィンソン,ダスティン・ホフマン、トム・クルーズ
558,スタンド・バイ・ミー,Stand by Me,1986年,6,False,,,,犯罪、ドラマ,ロブ・ライナー,Wil Wheaton、リヴァー・フェニックス
559,プライベート・ライアン,Saving Private Ryan,1998年,8,False,,,,戦争、ドラマ、履歴,スティーヴン・スピルバーグ,トム・ハンクス、トム・サイズモア
560,オーヴァーロード,Overlord,2018年,8,False,,,,ホラー、戦争、サイエンスフィクション,ジュリアス・エイヴァリー,ジョヴァン・アデポ、ワイアット・ラッセル
561,神さまの言うとおり,As the Gods Will,2014年,4,False,,,,スリラー、ホラー、コメディ,三池崇史,福士蒼汰、神木隆之介
562,陰陽師~おんみょうじ〜,Onmyoji,2001年,4,False,,,,,滝田洋二郎,国分佐智子、二世野村萬斎
563,陰陽師II,Onmyoji II,2003年,4,False,,,,アクション、ドラマ、ホラー,滝田洋二郎,二世野村萬斎、中井貴一
564,寄生獣,Parasyte,2014年,6,False,,,,サイエンスフィクション、ホラー、アクション、ドラマ,山崎貴,染谷将太、阿部サダヲ
565,ブライトバーン/恐怖の拡散者,BrightBurn,2019年,4,False,,,,ホラー、サイエンスフィクション,David Yarovesky,Jackson A. Dunn、エリザベス・バンクス
566,ザ・プレデター,The Predator,2018年,4,False,,,,サイエンスフィクション、アクション、スリラー,シェーン・ブラック,ボイド・ホルブルック、Trevante Rhodes
567,プレデターズ,Predators,2010年,4,False,,,,サイエンスフィクション、アクション、スリラー,ニムロッド・アーントル,エイドリアン・ブロディ、Topher Grace
568,デスプルーフ in グラインドハウス,Quentin Tarantino's Death Proof,2007年,6,False,,,,,クエンティン・タランティーノ,カート・ラッセル、ゾーイ・ベル
569,プラネット・テラー in グラインドハウス,Planet Terror,2007年,6,False,,,,ホラー、アクション、スリラー,ロバート・ロドリゲス,ローズ・マッゴーワン、Freddy Rodríguez
570,28日後...,28 Days Later...,2002年,4,False,,,,ホラー、スリラー、サイエンスフィクション,ダニー・ボイル,キリアン・マーフィー、Naomie Harris
571,ファーゴ,Fargo,1996年,6,False,,,,犯罪、ドラマ、スリラー,ジョエル・コーエン,フランシス・マクドーマンド、ウィリアム・Ｈ・メイシー
572,ハンコック,Hancock,2008年,6,False,,,,ファンタジー、アクション,ピーター・バーグ,ウィル・スミス、シャーリーズ・セロン
573,マンディ 地獄のロード・ウォリアー,Mandy,2018年,2,False,,,,ファンタジー、アクション、ホラー,Panos Cosmatos,ニコラス・ケイジ、アンドレア・ライズボロー
574,ロード・オブ・ウォー,Lord of War,2005年,6,False,,,,犯罪、ドラマ、スリラー,アンドリュー・ニコル,ニコラス・ケイジ、Bridget Moynahan
575,ナショナル・トレジャー,National Treasure,2004年,6,False,,,,アドベンチャー、アクション、スリラー、謎,Jon Turteltaub,ニコラス・ケイジ、ダイアン・クルーガー
576,ナショナル・トレジャー2/リンカーン暗殺者の日記,National Treasure: Book of Secrets,2007年,6,False,,,,アクション、アドベンチャー、謎、スリラー,Jon Turteltaub,ニコラス・ケイジ、ダイアン・クルーガー
577,マッチスティック・メン,Matchstick Men,2003年,8,False,,,,コメディ、ドラマ、犯罪、スリラー,リドリー・スコット,ニコラス・ケイジ、サム・ロックウェル
578,スペル,Drag Me to Hell,2009年,6,False,,,,ホラー、スリラー,サム・ライミ,アリソン・ローマン、ジャスティン・ロング
579,死霊のはらわた ライジング,Evil Dead Rise,2023年,8,False,,,,ホラー、スリラー,リー・クローニン,リリー・サリバン、アリッサ・サザーランド
580,死霊のはらわた,The Evil Dead,1981年,6,False,,,,ホラー,サム・ライミ,ブルース・キャンベル、Ellen Sandweiss
581,3時10分、決断のとき,3:10 TO YUMA,2007年,8,False,,,,西洋,ジェームズ・マンゴールド,ラッセル・クロウ、クリスチャン・ベール
582,LOGAN ローガン,Logan,2017年,8,False,,,,アクション、ドラマ、サイエンスフィクション,ジェームズ・マンゴールド,ヒュー・ジャックマン、ダフネ・キーン
583,インフェルノ,Inferno,2016年,6,False,,,,謎、スリラー、アクション,ロン・ハワード,トム・ハンクス、フェリシティ・ジョーンズ
584,ローン・サバイバー,Lone Survivor,2013年,8,False,,,,戦争、アクション、ドラマ,ピーター・バーグ,マーク・ウォールバーグ、Taylor Kitsch
585,パンドラム,PANDORUM,2009年,4,False,,,,アクション、ホラー、謎、サイエンスフィクション、スリラー,Christian Alvart,Ben Foster、Dennis Quaid
586,11:14,11:14,2003年,6,False,,,,スリラー、アクション、犯罪、テレビ映画,Jean de Segonzac,David James Elliott、テリー・ファレル
587,死霊館,The Conjuring,2013年,6,False,,,,ホラー、スリラー,ジェームズ・ワン,ヴェラ・ファーミガ、パトリック・ウィルソン
588,特攻野郎Aチーム THE MOVIE,The A-Team,2010年,6,False,,,,アクション、コメディ、犯罪,ジョー・カーナハン,リーアム・ニーソン、ブラッドレイ・クーパー
589,ウォッチメン,Watchmen,2009年,6,False,,,,謎、アクション、サイエンスフィクション,ザック・スナイダー,Malin Åkerman、パトリック・ウィルソン
590,オペラ座の怪人,The Phantom of the Opera,2004年,6,False,,,,スリラー、ドラマ、ロマンス,ジョエル・シュマッカー,ジェラルド・バトラー、エミー・ロッサム
591,アイス・ロード,The Ice Road,2021年,4,False,,,,アクション、スリラー,ジョナサン・ヘンズリー,リーアム・ニーソン、アンバー・ミッドサンダー
592,メン・イン・ブラック: インターナショナル,Men in Black International,2019年,4,False,,,,コメディ、サイエンスフィクション、アクション、アドベンチャー,Ｆ・ゲイリー・グレイ,クリス・ヘムズワース、テッサ・トンプソン
593,ラン・オールナイト,Run All Night,2015年,6,False,,,,アクション、犯罪、スリラー,ジャウム・コレット＝セラ,リーアム・ニーソン、ジョエル・キナマン
594,バトルシップ,Battleship,2012年,4,False,,,,スリラー、アクション、アドベンチャー、サイエンスフィクション,ピーター・バーグ,Taylor Kitsch、アレクサンダー・スカルスガルド
595,ナルニア国物語/第1章:ライオンと魔女,The Chronicles of Narnia: The Lion the Witch andthe Wardrobe,2005年,6,False,,,,アドベンチャー、ファミリー、ファンタジー,アンドリュー・アダムソン,William Moseley、Anna Popplewell
596,ナルニア国物語/第2章:カスピアン王子の角笛,The Chronicles of Narnia: Prince Caspian,2008年,6,False,,,,アドベンチャー、ファミリー、ファンタジー,アンドリュー・アダムソン,William Moseley、Anna Popplewell
597,ナルニア国物語/第3章:アスラン王と魔法の島,The Chronicles of Narnia: The Voyage of theDawn Treader,2010年,6,False,,,,アドベンチャー、ファミリー、ファンタジー,マイケル・アプテッド,Georgie Henley、Skandar Keynes
598,96時間,Taken,2008年,6,False,,,,アクション、スリラー,ピエール・モレル,リーアム・ニーソン、Maggie Grace
599,96時間 リベンジ,Taken 2,2012年,6,False,,,,アクション、犯罪、スリラー,Olivier Megaton,リーアム・ニーソン、Maggie Grace
600,英国王のスピーチ,The King's Speech,2010年,6,False,,,,ドラマ、履歴,Tom Hooper,Colin Firth、ジェフリー・ラッシュ
601,タイムマシン,The Time Machine,2002年,6,False,,,,サイエンスフィクション、アドベンチャー、アクション,Simon Wells,ガイ・ピアース、マーク・アディ
602,ザ・コンサルタント,The Accountant,2016年,6,False,,,,犯罪、スリラー、ドラマ,Gavin O'Connor,ベン・アフレック、シンシア・アダイ＝ロビンソン
603,スパイ・ゲーム,Spy Game,2001年,6,False,,,,アクション、犯罪、スリラー,トニー・スコット,ロバート・レッドフォード、ブラッド・ピット
604,悪の法則,The Counselor,2013年,6,False,,,,スリラー、犯罪、ドラマ,リドリー・スコット,マイケル・ファスベンダー、ペネロペ・クルス
605,Mr.&Mrs. スミス,Mr. & Mrs. Smith,2005年,6,False,,,,アクション、コメディ、ドラマ、スリラー,ダグ・リーマン,ブラッド・ピット、アンジェリーナ・ジョリー
606,トゥームレイダー,Lara Croft: Tomb Raider/Tomb Raider,2001年,4,False,,,,アドベンチャー、アクション、ファンタジー,サイモン・ウェスト,アンジェリーナ・ジョリー、イアン・グレン
607,トゥームレイダー2,Lara Croft Tomb Raider: The Cradle of Life,2003年,4,False,,,,アドベンチャー、アクション、ファンタジー,ヤン・デ・ボン,アンジェリーナ・ジョリー、ジェラルド・バトラー
608,Mr.ノーバディ,Nobody,2021年,6,False,,,,アクション、スリラー,Илья Найшуллер,ボブ・オデンカーク、Алексей Серебряков
609,クワイエット・プレイス,A Quiet Place,2018年,6,False,,,,ホラー、ドラマ、サイエンスフィクション,ジョン・クラシンスキー,エミリー・ブラント、ジョン・クラシンスキー
610,プレイス・ビヨンド・ザ・パインズ/宿命,The Place Beyond the Pines,2012年,8,False,,,,ドラマ、犯罪,Derek Cianfrance,ライアン・ゴズリング、ブラッドレイ・クーパー
611,ブルーバレンタイン,Blue Valentine,2010年,6,False,,,,ドラマ、ロマンス,Derek Cianfrance,ライアン・ゴズリング、ミシェル・ウィリアムズ
612,スーサイド・スクワッド,Suicide Squad,2016年,4,False,,,,アクション、アドベンチャー、ファンタジー,David Ayer,ウィル・スミス、ジャレッド・レト
613,フューリー,Fury,2014年,6,False,,,,戦争、ドラマ、アクション,David Ayer,ブラッド・ピット、シャイア・ラブーフ
614,サボタージュ,Sabotage,2014年,2,False,,,,アクション、ドラマ、スリラー、犯罪,David Ayer,アーノルド・シュワルツェネッガー、サム・ワーシントン
615,MEG ザ・モンスターズ2,Meg 2: The Trench,2023年,4,False,,,,アクション、サイエンスフィクション、ホラー,Ben Wheatley,ジェイソン・ステイサム、吴京
616,トランスポーター,The Transporter,2002年,6,False,,,,アクション、犯罪、スリラー,元奎,ジェイソン・ステイサム、舒淇
617,TAXI,Taxi,1998年,6,False,,,,アクション、コメディ、犯罪、アドベンチャー,Gérard Pirès,Samy Naceri、Frédéric Diefenthal
618,アルティメット,Banlieue 13,2004年,6,False,,,,アクション、スリラー、サイエンスフィクション,ピエール・モレル,David Belle、Cyril Raffaelli
619,ドリーム,Hidden Figures,2016年,6,False,,,,ドラマ、履歴,Theodore Melfi,タラジ・P・ヘンソン、オクタヴィア・スペンサー
620,パワー・オブ・ザ・ドッグ,The Power of the Dog,2021年,6,False,,,,ドラマ、西洋,Jane Campion,ベネディクト・カンバーバッチ、コディ・スミット＝マクフィー
621,クーリエ: 最高機密の運び屋,Ironbark / The Courier,2020年,6,False,,,,スリラー、履歴、ドラマ,Dominic Cooke,ベネディクト・カンバーバッチ、Merab Ninidze
622,イミテーション・ゲーム/エニ密グマと天才数学者の秘,The Imitation Game,2014年,6,False,,,,,モルテン・ティルドゥム,ベネディクト・カンバーバッチ、キーラ・ナイトレイ
623,万引き家族,Shoplifters,2018年,6,False,,,,ドラマ、犯罪、スリラー,是枝裕和,リリー・フランキー、安藤サクラ
624,ジュラシック・ワールド,Jurassic World,2015年,6,False,,,,アクション、アドベンチャー、サイエンスフィクション、スリラー,Colin Trevorrow,クリス・プラット、ブライス・ダラス・ハワード
625,レ・ミゼラブル,LES MISERABLES,2012年,6,False,,,,履歴、ドラマ,Tom Hooper,ヒュー・ジャックマン、ラッセル・クロウ
626,26世紀青年,IDIOCRACY,2006年,6,False,,,,コメディ、サイエンスフィクション、アドベンチャー,マイク・ジャッジ,Luke Wilson、マーヤ・ルドルフ
627,LUCY/ルーシー,Lucy,2014年,4,False,,,,アクション、サイエンスフィクション,Luc Besson,スカーレット・ヨハンソン、モーガン・フリーマン
628,少林サッカー,少林足球/Shaolin Soccer,2001年,6,False,,,,アクション、コメディ,チャウ・シンチー,チャウ・シンチー、吳孟達
629,カンフーハッスル,功夫/Kung Fu Hustle,2004年,6,False,,,,アクション、コメディ、犯罪、ファンタジー,チャウ・シンチー,チャウ・シンチー、ユン・チウ
630,不死身,He Never Died,2015年,6,False,,,,コメディ、ドラマ、ファンタジー、ホラー、スリラー,Jason Krawczyk,Henry Rollins、Booboo Stewart
631,ガタカ,Gattaca,1997年,6,False,,,,スリラー、サイエンスフィクション、謎、ロマンス,アンドリュー・ニコル,イーサン・ホーク、ユマ・サーマン
632,クロニクル,Chronicle,2012年,8,False,,,,サイエンスフィクション、ドラマ、スリラー,Josh Trank,デイン・デハーン、Alex Russell
633,狼の死刑宣告,DEATH SENTENCE,2007年,8,False,,,,アクション、犯罪、ドラマ、スリラー,ジェームズ・ワン,ケヴィン・ベーコン、ギャレット・ヘドランド
634,ドクター・ドリトル,Doctor Dolittle,1998年,6,False,,,,コメディ、ファミリー、ファンタジー,Betty Thomas,エディ・マーフィ、オジー・デイヴィス
635,(500)日のサマー,(500) DAYS OF SUMMER,2009年,6,False,,,,コメディ、ドラマ、ロマンス,マーク・ウェブ,ジョセフ・ゴードン＝レヴィット、ズーイー・デシャネル
636,リアル・スティール,Real Steel,2011年,6,False,,,,アクション、サイエンスフィクション、ドラマ,ショーン・レヴィ,ヒュー・ジャックマン、Dakota Goyo
637,search/サーチ,Searching,2018年,6,False,,,,ドラマ、謎、スリラー,アニーシュ・チャガンティ,ジョン・チョー、ミシェル・ラー
638,REVENGE リベンジ,Revenge,2017年,6,False,,,,ロマンス、コメディ、アクション,Allen Wright,Blair Williams
639,女神の見えざる手,Miss Sloane,2016年,6,False,,,,スリラー、ドラマ、犯罪,John Madden,ジェシカ・チャステイン、マーク・ストロング
640,ハッピー・デス・デイ,Happy Death Day,2017年,6,False,,,,コメディ、ホラー、謎,クリストファー・ランドン,ジェシカ・ローテ、イズラエル・ブルサード
641,ハッピー・デス・デイ2U,Happy Death Day 2U,2019年,6,False,,,,コメディ、ホラー、サイエンスフィクション,クリストファー・ランドン,ジェシカ・ローテ、イズラエル・ブルサード
642,キャスト・アウェイ,Cast Away,2000年,8,False,,,,アドベンチャー、ドラマ,ロバート・ゼメキス,トム・ハンクス、ヘレン・ハント
643,127時間,127 Hours,2010年,6,False,,,,アドベンチャー、ドラマ、スリラー,ダニー・ボイル,ジェームズ・フランコ、ケイト・マーラ
644,イエスマン “YES”は人生のパスワード,Yes Man,2008年,6,False,,,,コメディ、ロマンス,Peyton Reed,ジム・キャリー、ズーイー・デシャネル
645,トゥルーマン・ショー,The Truman Show,1998年,8,False,,,,コメディ、ドラマ,ピーター・ウィアー,ジム・キャリー、ローラ・リニー
646,るろうに剣心,Rurouni Kenshin,2012年,6,False,,,,アドベンチャー、アクション、ファンタジー、戦争、履歴,大友啓史,佐藤健、武井咲
647,るろうに剣心 京都大火編,Rurouni Kenshin: Kyoto Inferno,2014年,6,False,,,,アクション、アドベンチャー、ドラマ、ファンタジー,大友啓史,佐藤健、武井咲
648,ロボコップ,RoboCop,1987年,6,False,,,,アクション、スリラー、サイエンスフィクション,ポール・ヴァーホーヴェン,Peter Weller、ナンシー・アレン
649,ロボコップ,RoboCop,2014年,6,False,,,,サイエンスフィクション、アクション、犯罪,José Padilha,ジョエル・キナマン、ゲイリー・オールドマン
650,アポロ13,Apollo 13,1995年,6,False,,,,ドラマ、履歴,ロン・ハワード,トム・ハンクス、ビル・パクストン
651,すばらしき映画音楽たち,SCORE: A Film Music Documentary,2016年,8,False,,,,音楽、ドキュメンタリー,Matt Schrader,ハンス・ジマー、ダニー・エルフマン
652,カムガール,Cam,2018年,6,False,,,,ホラー、謎,Daniel Goldhaber,Madeline Brewer、Patch Darragh
653,ドント・ブリーズ,Don't Breathe,2016年,6,False,,,,ホラー、スリラー、犯罪,フェデ・アルバレス,スティーヴン・ラング、ジェーン・レヴィ
654,イット・フォローズ,It Follows,2014年,8,False,,,,ホラー、謎,デヴィッド・ロバート・ミッチェル,マイカ・モンロー、Keir Gilchrist
655,仄暗い水の底から,Dark Water,2001年,6,False,,,,ホラー、謎、スリラー,Ron Chartier,G. Patrick Currie、Holly Ferguson
656,エクソシスト,The Exorcist,1973年,6,False,,,,ホラー,ウィリアム・フリードキン,エレン・バースティン、リンダ・ブレア
657,クリーピー 偽りの隣人,Creepy,2016年,6,False,,,,犯罪、ドラマ、ホラー,Pete Jacelone,Heather Drew、Edward X. Young
658,ファイナル・デッドコースター,Final Destination 3,2006年,4,False,,,,ホラー、謎,James Wong,メアリー・エリザベス・ウィンステッド、ライアン・メリマン
659,RUN/ラン,Run,2020年,6,False,,,,スリラー、ホラー、ドラマ,アニーシュ・チャガンティ,サラ・ポールソン、キーラ・アレン
660,DEATH NOTE デスノート,DEATH NOTE,2006年,6,False,,,,ファンタジー、謎、スリラー,金子修介,藤原竜也、松山ケンイチ
661,DEATH NOTE デスノート the Last name,Death Note: The Last Name,2006年,6,False,,,,ファンタジー、スリラー、謎,金子修介,藤原竜也、松山ケンイチ
662,鋼の錬金術師,Fullmetal Alchemist,2017年,2,False,,,,ファンタジー、アクション、サイエンスフィクション、アドベンチャー,曽利文彦,山田涼介、水石亜飛夢
663,エスター,Orphan,2009年,6,False,,,,ホラー、スリラー,ジャウム・コレット＝セラ,ヴェラ・ファーミガ、ピーター・サースガード
664,カメラを止めるな!,One Cut of the Dead,2017年,6,False,,,,コメディ、ホラー、ドラマ,上田慎一郎,濱津隆之、秋山ゆずき
665,テラフォーマーズ,Terra Formars,2016年,2,False,,,,アクション、ホラー、サイエンスフィクション,三池崇史,伊藤英明、武井咲
666,ドラキュラ ZERO,Dracula Untold,2014年,6,False,,,,ホラー、アクション、ファンタジー,Gary Shore,ルーク・エヴァンズ、Sarah Gadon
667,スカイライン-奪還-,Beyond Skyline,2017年,4,False,,,,アクション、サイエンスフィクション、アドベンチャー,Liam O'Donnell,フランク・グリロ、Bojana Novaković
668,ザ・マミー/呪われた砂漠の王女,The Mummy,2017年,4,False,,,,ファンタジー、スリラー、アクション、アドベンチャー、ホラー,アレックス・カーツマン,トム・クルーズ、アナベル・ウォーリス
669,ディープ・ブルー,Deep Blue Sea,1999年,6,False,,,,アクション、ホラー、サイエンスフィクション,レニー・ハーリン,Saffron Burrows、Thomas Jane
670,ファウンド,Found,2012年,4,False,,,,ホラー、スリラー、ドラマ,Mitchell Stafiej,Rebecca Amzallag、Robert Montcalm
671,インデペンデンス・デイ,Independence Day,1996年,6,False,,,,アクション、アドベンチャー、サイエンスフィクション,ローランド・エメリッヒ,ウィル・スミス、ビル・プルマン
672,インデペンデンス・デイ:リサージェンス,Independence Day: Resurgence,2016年,2,False,,,,アクション、アドベンチャー、サイエンスフィクション,ローランド・エメリッヒ,リアム・ヘムズワース、ジェフ・ゴールドブラム
673,世界侵略:ロサンゼルス決戦,Battle: Los Angeles,2011年,6,False,,,,サイエンスフィクション、アクション,ジョナサン・リーベスマン,アーロン・エッカート、Ramón Rodríguez
674,ブラックホーク・ダウン,Black Hawk Down,2001年,6,False,,,,アクション、戦争、履歴,リドリー・スコット,ジョシュ・ハートネット、エリック・バナ
675,パラノーマル・アクティビティ,Paranormal Activity,2007年,4,False,,,,ホラー、謎,Oren Peli,Katie Featherston、Micah Sloat
676,プリデスティネーション,Predestination,2014年,6,False,,,,サイエンスフィクション、スリラー,Peter Spierig,イーサン・ホーク、サラ・スヌーク
677,LOOPER/ルーパー,Looper,2012年,6,False,,,,アクション、スリラー、サイエンスフィクション,ライアン・ジョンソン,ジョセフ・ゴードン＝レヴィット、ブルース・ウィリス
678,マチェーテ・キルズ,Machete Kills,2013年,4,False,,,,アクション、犯罪、スリラー,ロバート・ロドリゲス,ダニー・トレホ、メル・ギブソン
679,岸辺露伴 ルーヴルへ行く,Rohan at the Louvre,2023年,4,False,,,,謎、アクション、アドベンチャー、ドラマ,渡辺一貴,高橋一生、飯豊まりえ
680,アマルフィ 女神の報酬,Amalfi: Rewards of the Goddess,2009年,4,False,,,,ドラマ、犯罪、謎,西谷弘,織田裕二、天海祐希
681,X エックス,X,2022年,6,False,,,,ホラー、スリラー,タイ・ウェスト,ミア・ゴス、ジェナ・オルテガ
682,Pearl パール,Pearl,2022年,6,False,,,,ホラー、スリラー,タイ・ウェスト,ミア・ゴス、デヴィッド・コレンスウェット
683,ダンジョンズ&ドラゴンズ/アウトローたちの誇り,Dungeons & Dragons: Honor Among Thieves,2023年,6,False,,,,アドベンチャー、ファンタジー、コメディ,John Francis Daley,クリス・パイン、ミシェル・ロドリゲス
684,トリック 劇場版,Trick: The Movie,2002年,6,False,,,,コメディ、犯罪、謎,堤幸彦,仲間由紀恵、阿部寛
685,トリック 劇場版2,Trick: The Movie 2,2006年,6,False,,,,コメディ、犯罪、謎,堤幸彦,仲間由紀恵、阿部寛
686,劇場版 TRICK 霊能力者バトルロイヤル,Trick: The Movie - Psychic Battle Royale,2010年,6,False,,,,アクション、スリラー、サイエンスフィクション,堤幸彦,仲間由紀恵、阿部寛
687,トリック劇場版 ラストステージ,Trick: The Movie - Last Stage,2013年,6,False,,,,謎、コメディ,堤幸彦,仲間由紀恵、阿部寛
688,アリータ: バトル・エンジェル,Alita: Battle Angel,2018年,6,False,,,,アクション、サイエンスフィクション、アドベンチャー,ロバート・ロドリゲス,ローサ・サラザール、クリストフ・ヴァルツ
689,アド・アストラ,Ad Astra,2019年,6,False,,,,サイエンスフィクション、ドラマ,ジェームズ・グレイ,ブラッド・ピット、トミー・リー・ジョーンズ
690,ムーンライズ・キングダム,Moonrise Kingdom,2012年,6,False,,,,コメディ、ドラマ、ロマンス,ウェス・アンダーソン,Jared Gilman、Kara Hayward
691,最強のふたり,Intouchables,2011年,8,False,,,,ドラマ、コメディ,Éric Toledano,François Cluzet、Omar Sy
692,ブレイド,Blade,1998年,6,False,,,,ホラー、アクション,スティーヴン・ノリントン,ウェズリー・スナイプス、スティーヴン・ドーフ
693,ブレイド2,Blade II,2002年,6,False,,,,ファンタジー、ホラー、アクション、スリラー,ギレルモ・デル・トロ,ウェズリー・スナイプス、Kris Kristofferson
694,ブレイド3,Blade: Trinity,2004年,4,False,,,,アクション、ホラー、サイエンスフィクション,デヴィッド・S・ゴイヤー,ウェズリー・スナイプス、Jessica Biel
695,進撃の巨人 ATTACK ON TITAN,Attack on Titan,2014年,2,False,,,,アニメーション、アクション、アドベンチャー、ファンタジー,荒木哲郎,梶裕貴、井上麻里奈
696,進撃の巨人 ATTACK ON TITAN END OF THEWORLD,Attack on Titan: End of the World,2015年,2,False,,,,,樋口真嗣,三浦春馬、水原希子
697,13時間 ベンガジの秘密の兵士,13 Hours: The Secret Soldiers of Benghazi,2016年,6,False,,,,戦争、アクション、履歴、ドラマ、スリラー,マイケル・ベイ,ジョン・クラシンスキー、James Badge Dale
698,羊たちの沈黙,The Silence of the Lambs,1990年,6,False,,,,犯罪、スリラー、ドラマ,ジョナサン・デミ,ジョディ・フォスター、アンソニー・ホプキンス
699,オリエント急行殺人事件,Murder on the Orient Express,2017年,6,False,,,,謎、ドラマ、犯罪,ケネス・ブラナー,ケネス・ブラナー、トム・ベイトマン
700,インビクタス/負けざる者たち,Invictus,2009年,8,False,,,,ドラマ、履歴,クリント・イーストウッド,モーガン・フリーマン、マット・デイモン
701,全員死刑,Death Row Family,2017年,6,False,,,,コメディ,小林勇貴,間宮祥太朗、毎熊克哉
702,グラン・トリノ,Gran Torino,2008年,6,False,,,,ドラマ,クリント・イーストウッド,クリント・イーストウッド、Christopher Carley
703,運び屋,The Mule,2018年,6,False,,,,犯罪、ドラマ,クリント・イーストウッド,クリント・イーストウッド、ブラッドレイ・クーパー
704,ハドソン川の奇跡,Sully,2016年,8,False,,,,ドラマ、履歴,クリント・イーストウッド,トム・ハンクス、アーロン・エッカート
705,ジャージー・ボーイズ,Jersey Boys,2014年,8,False,,,,音楽、ドラマ,クリント・イーストウッド,John Lloyd Young、ヴィンセント・ピアッザ
706,ONCE ダブリンの街角で,Once,2007年,6,False,,,,ドラマ、音楽、ロマンス,ジョン・カーニー,Glen Hansard、Markéta Irglová
707,ジョーカー,Joker,2019年,6,False,,,,犯罪、スリラー、ドラマ,トッド・フィリップス,ホアキン・フェニックス、ロバート・デ・ニーロ
708,藁の楯,Shield of Straw,2013年,4,False,,,,スリラー、犯罪,三池崇史,松嶋菜々子、藤原竜也
709,来る,It Comes,2018年,4,False,,,,謎、ドラマ、ホラー,Dan Garcia,Brad James、Denyce Lawton
710,渇き。,The World of Kanako,2013年,4,False,,,,謎、犯罪、スリラー,中島哲也,役所広司、小松菜奈
711,オーディション,AUDITION,2000年,4,False,,,,ホラー、ドラマ,Chad Lowe,ヒラリー・スワンク、Chad Lowe
712,20世紀少年<第1章> 終わりの始まり,20th Century Boys 1: Beginning of the End,2008年,2,False,,,,サイエンスフィクション、アドベンチャー、謎,堤幸彦,唐沢寿明、常盤貴子
713,20世紀少年<第2章> 最後の希望,20th Century Boys 2: The Last Hope,2008年,2,False,,,,サイエンスフィクション、アドベンチャー、謎,堤幸彦,唐沢寿明、豊川悦司
714,20世紀少年<最終章> ぼくらの旗,20th Century Boys 3: Redemption,2009年,2,False,,,,アドベンチャー、謎、サイエンスフィクション,堤幸彦,唐沢寿明、豊川悦司
715,葛城事件,The Katsuragi Murder Case,2016年,6,False,,,,ドラマ,赤堀雅秋,新井浩文、南果歩
716,マンチェスター・バイ・ザ・シー,Manchester by the Sea,2016年,6,False,,,,ドラマ,ケネス・ロナーガン,ケイシー・アフレック、ルーカス・ヘッジズ
717,A GHOST STORY ア・ゴースト・ストーリー,A Ghost Story,2017年,6,False,,,,ドラマ、ファンタジー、謎、ロマンス,David Lowery,ケイシー・アフレック、ルーニー・マーラ
718,KUBO/クボ 二本の弦の秘密,Kubo and the Two Strings,2016年,6,False,,,,アニメーション、アドベンチャー、ファミリー,トラヴィス・ナイト,アート・パーキンソン、シャーリーズ・セロン
719,LION ライオン 25年目のただいま,Lion,2015年,6,False,,,,ドラマ,Daniel Huertas,Luke Allen-Gale
720,スラムドッグ$ミリオネア,Slumdog Millionaire,2008年,6,False,,,,ドラマ、ロマンス,ダニー・ボイル,Dev Patel、Freida Pinto
721,her/世界でひとつの彼女,her,2013年,6,False,,,,ロマンス、サイエンスフィクション、ドラマ,Spike Jonze,ホアキン・フェニックス、スカーレット・ヨハンソン
722,劇場版 ドーラといっしょに大冒険,Dora and the Lost City of Gold,2019年,6,False,,,,ファミリー、コメディ、アドベンチャー,James Bobin,イザベラ・メルセード、Jeffrey Wahlberg
723,ロープ/戦場の生命線,A Perfect Day,2015年,6,False,,,,コメディ、ドラマ、戦争,Fernando León de Aranoa,ベニチオ・デル・トロ、ティム・ロビンス
724,シン・シティ,Sin City,2005年,4,False,,,,犯罪、スリラー,ロバート・ロドリゲス,ブルース・ウィリス、ジェシカ・アルバ
725,アリー/スター誕生,A Star Is Born,2018年,8,False,,,,音楽、ドラマ、ロマンス,ブラッドレイ・クーパー,レディー・ガガ、ブラッドレイ・クーパー
726,アメリカン・ハッスル,American Hustle,2013年,6,False,,,,ドラマ、犯罪,David O. Russell,クリスチャン・ベール、ブラッドレイ・クーパー
727,リミットレス,Limitless,2011年,6,False,,,,スリラー、謎、サイエンスフィクション,Neil Burger,ブラッドレイ・クーパー、ロバート・デ・ニーロ
728,ウィンストン・チャーチル/ヒトラーから世界を救った男,Darkest Hour,2017年,6,False,,,,ドラマ、履歴,Joe Wright,ゲイリー・オールドマン、スティーヴン・ディレイン
729,RED/レッド,RED,2010年,6,False,,,,アクション、アドベンチャー、コメディ、犯罪、スリラー,ロベルト・シュヴェンケ,ブルース・ウィリス、ジョン・マルコヴィッチ
730,RED リターンズ,RED2,2013年,6,False,,,,アクション、コメディ、犯罪、スリラー,Dean Parisot,ブルース・ウィリス、ジョン・マルコヴィッチ
731,G.I. ジョー,G.I. Joe: The Rise of Cobra,2009年,4,False,,,,アドベンチャー、アクション、スリラー、サイエンスフィクション,Stephen Sommers,Adewale Akinnuoye-Agbaje、クリストファー・エクルストン
732,G.I.ジョー バック2リベンジ,G.I. Joe: Retaliation,2013年,4,False,,,,アクション、サイエンスフィクション、アドベンチャー、スリラー,ジョン・M・チュウ,ドウェイン・ジョンソン、ブルース・ウィリス
733,12モンキーズ,Twelve Monkeys,1995年,6,False,,,,サイエンスフィクション、スリラー、謎,テリー・ギリアム,ブルース・ウィリス、マデリーン・ストウ
734,ムーンライト,Moonlight,2016年,6,False,,,,ドラマ,Barry Jenkins,Trevante Rhodes、アンドレ・ホランド
735,フロリダ・プロジェクト 真夏の魔法,The Florida Project,2017年,6,False,,,,ドラマ,ショーン・ベイカー,Brooklynn Prince、Bria Vinaite
736,バードマン あるいは (無知がもたらす予期せぬ奇跡),Birdman or (The Unexpected Virtue of Ignorance),2014年,6,False,,,,ドラマ、コメディ,アレハンドロ・ゴンサレス・イニャリトゥ,マイケル・キートン、エマ・ストーン
737,それでも夜は明ける,12 Years a Slave,2013年,6,False,,,,ドラマ、履歴,スティーヴ・マックイーン,キウェテル・イジョフォー、マイケル・ファスベンダー
738,アルゴ,Argo,2012年,8,False,,,,ドラマ、スリラー,ベン・アフレック,ベン・アフレック、ブライアン・クランストン
739,ミリオンダラー・ベイビー,Million Dollar Baby,2004年,6,False,,,,ドラマ,クリント・イーストウッド,クリント・イーストウッド、ヒラリー・スワンク
740,プラトーン,Platoon,1986年,6,False,,,,ドラマ、戦争、アクション,オリバー・ストーン,チャーリー・シーン、ウィレム・デフォー
741,ベイマックス,Big Hero 6,2014年,8,False,,,,アドベンチャー、ファミリー、アニメーション、アクション、コメディ,Chris Williams,スコット・アドシット、Ryan Potter
742,火垂るの墓,Grave of the Fireflies,1988年,6,False,,,,アニメーション、ドラマ、戦争,高畑勲,辰巳努、白石綾乃
743,思い出のマーニー,When Marnie Was There,2014年,6,False,,,,アニメーション、ドラマ、ファミリー、謎,米林宏昌,高月彩良、有村架純
744,ゲド戦記,Tales from Earthsea,2006年,4,False,,,,アニメーション、ファンタジー、アドベンチャー,宮崎吾朗,岡田准一、手嶌葵
745,かぐや姫の物語,The Tale of The Princess Kaguya,2013年,6,False,,,,アニメーション、ドラマ、ファンタジー,高畑勲,朝倉あき、地井武男
746,この世界の片隅に,In This Corner of the World,2016年,6,False,,,,ドラマ、アニメーション、ロマンス、戦争、履歴,片渕須直,のん、細谷佳正
747,カールじいさんの空飛ぶ家,Up,2009年,6,False,,,,アニメーション、コメディ、ファミリー、アドベンチャー,ピーター・ドクター,エドワード・アズナー、クリストファー・プラマー
748,ヱヴァンゲリヲン新劇場版:序,EVANGELION: 1.0 YOU ARE (NOT) ALONE.,2007年,6,False,,,,アニメーション、サイエンスフィクション、アクション、ドラマ,鶴巻和哉,緒方恵美、林原めぐみ
749,ヱヴァンゲリヲン新劇場版:破,Evangelion: 2.0 You Can (Not) Advance,2009年,6,False,,,,アニメーション、サイエンスフィクション、アクション、ドラマ,摩砂雪,緒方恵美、林原めぐみ
750,ヱヴァンゲリヲン新劇場版:Q,EVANGELION:3.0 YOU CAN (NOT) REDO.,2012年,6,False,,,,アニメーション、サイエンスフィクション、アクション、ドラマ,庵野秀明,緒方恵美、宮村優子
751,シン・エヴァンゲリオン劇場版,Evangelion: 3.0+1.0 Thrice Upon a Time,2020年,6,False,,,,アニメーション、アクション、サイエンスフィクション、ドラマ,中山勝一,緒方恵美、宮村優子
752,未来のミライ,Mirai,2018年,4,False,,,,アニメーション、ファミリー、ファンタジー、アドベンチャー、ドラマ,細田守,上白石萌歌、黒木華
753,君の名前で僕を呼んで,Call Me by Your Name,2017年,6,False,,,,ロマンス、ドラマ,ルカ・グァダニーノ,アーミー・ハマー、ティモシー・シャラメ
754,シザーハンズ,Edward Scissorhands,1990年,6,False,,,,ファンタジー、ドラマ、ロマンス,ティム・バートン,ジョニー・デップ、ウィノナ・ライダー
755,アリス・イン・ワンダーランド/時間の旅,Alice Through the Looking Glass,2016年,6,False,,,,アドベンチャー、ファミリー、ファンタジー,James Bobin,ミア・ワシコウスカ、ジョニー・デップ
756,ローン・レンジャー,The Lone Ranger,2013年,4,False,,,,アクション、アドベンチャー、西洋,ゴア・ヴァービンスキー,ジョニー・デップ、アーミー・ハマー
757,ツーリスト,The Tourist,2010年,4,False,,,,アクション、スリラー、ロマンス,フロリアン・ヘンケル・フォン・ドナースマルク,ジョニー・デップ、アンジェリーナ・ジョリー
758,アリス・イン・ワンダーランド,Alice in Wonderland,2010年,6,False,,,,ファミリー、ファンタジー、アドベンチャー,ティム・バートン,ミア・ワシコウスカ、ジョニー・デップ
759,カルテル・ランド,Cartel Land,2015年,8,False,,,,ドラマ、ドキュメンタリー,マシュー・ハインマン,Robert Hetrick、José Manuel Mireles Valverde
760,博士と彼女のセオリー,The Theory of Everything,2014年,6,False,,,,ドラマ、ロマンス,ジェームズ・マーシュ,エディ・レッドメイン、フェリシティ・ジョーンズ
761,リリーのすべて,The Danish Girl,2015年,6,False,,,,ドラマ,Tom Hooper,エディ・レッドメイン、アリシア・ヴィキャンデル
762,アーミー・オブ・ザ・デッド,Army of the Dead,2021年,6,False,,,,犯罪、アクション、ホラー,ザック・スナイダー,デビッド・バウティスタ、エラ・パーネル
763,ポップスが最高に輝いた夜,The Greatest Night in Pop,2024年,8,False,,,,ドキュメンタリー、音楽,Bao Nguyen,ライオネル・リッチー、ブルース・スプリングスティーン
764,スノーピアサー,설국열차 / Snowpiercer,2013年,4,False,,,,アクション、サイエンスフィクション、ドラマ,ポン・ジュノ,クリス・エヴァンス、ソン・ガンホ
765,獣の棲む家,His House,2020年,4,False,,,,ホラー、ドラマ,Remi Weekes,ショペ・ディリス、ウンミ・モサク
766,アサシン クリード,Assassin's Creed,2016年,2,False,,,,アクション、アドベンチャー、サイエンスフィクション,Justin Kurzel,マイケル・ファスベンダー、マリオン・コティヤール
767,ザ・ベビーシッター,The Babysitter,2016年,6,False,,,,コメディ、ホラー,Frédéric Chalté,Frédérique Dansereau、Leigh Ann Taylor
768,ザ・ベビーシッター~キラークイーン〜,The Babysitter: Killer Queen,2020年,6,False,,,,コメディ、ホラー,マックG,Judah Lewis、ジェナ・オルテガ
769,マネーボール,Moneyball,2011年,6,False,,,,ドラマ,Bennett Miller,ブラッド・ピット、ジョナ・ヒル
770,ぼくのエリ 200歳の少女,Låt den rätte komma in/Let the Right One In,2008年,6,False,,,,ホラー、ドラマ,Tomas Alfredson,Kåre Hedebrant、リナ・レアンダーソン
771,心と体と,Testről és lélekröl / On Body and Soul,2017年,6,False,,,,ドラマ、ロマンス、ファンタジー,Enyedi Ildikó,Borbély Alexandra、Morcsányi Géza
772,ポーラー 狙われた暗殺者,Polar,2019年,4,False,,,,アクション、犯罪、ドラマ,Jonas Åkerlund,マッツ・ミケルセン、ヴァネッサ・ハジェンズ
773,モンティ・パイソン/ライフ・オブ・ブライアン,MONTY PYTHON'S LIFE OF BRIAN,1979年,6,False,,,,コメディ,テリー・ジョーンズ,グレアム・チャップマン、ジョン・クリーズ
774,フォード vs フェラーリ,Ford v. Ferrari,2019年,6,False,,,,ドラマ、アクション、履歴,ジェームズ・マンゴールド,マット・デイモン、クリスチャン・ベール
775,モンスター,Monster,2003年,6,False,,,,犯罪、ドラマ,Patty Jenkins,シャーリーズ・セロン、クリスティーナ・リッチ
776,SUPER 8/スーパーエイト,Super 8,2011年,6,False,,,,スリラー、サイエンスフィクション、謎,J・J・エイブラムス,Joel Courtney、エル・ファニング
777,名探偵ピカチュウ,Pokemon/Pokémon Detective Pikachu,2019年,6,False,,,,アクション、アドベンチャー、ファンタジー,ロブ・レターマン,ライアン・レイノルズ、ジャスティス・スミス
778,ジェーン・ドウの解剖,The Autopsy of Jane Doe,2016年,6,False,,,,ホラー、謎,André Øvredal,エミール・ハーシュ、ブライアン・コックス
779,アイトーニャ 史上最大のスキャンダル,I Tonya,2017年,6,False,,,,ドラマ、コメディ,クレイグ・ギレスピー,マーゴット・ロビー、セバスチャン・スタン
780,ハーレイ・クインの華麗なる覚醒 BIRDS OF PREY,Birds of Prey: And the Fantabulous Emancipationof One Harley Quinn,2020年,6,False,,,,アクション、犯罪,Cathy Yan,マーゴット・ロビー、ロージー・ペレス
781,呪怨,Ju-on: The Grudge,2002年,4,False,,,,ホラー,清水崇,奥菜恵、上原美佐
782,アップグレード,Upgrade,2018年,6,False,,,,アクション、スリラー、サイエンスフィクション,Leigh Whannell,ローガン・マーシャル＝グリーン、ベティ・ガブリエル
783,クロールー凶暴領域一,Crawl,2019年,6,False,,,,,アレクサンドル・アジャ,Kaya Scodelario、Barry Pepper
784,キングダム,Kingdom,2019年,6,False,,,,アクション、アドベンチャー、戦争、履歴、ファンタジー,Bettina Oberli,エミリー・ビーチャム、Anatole Taubman
785,バタフライ・エフェクト,The Butterfly Effect,2004年,6,False,,,,サイエンスフィクション、スリラー,Eric Bress,アシュトン・カッチャー、Amy Smart
786,オンリー・ザ・ブレイブ,Only the Brave,2017年,6,False,,,,ドラマ、アクション,ジョセフ・コシンスキー,ジョシュ・ブローリン、マイルズ・テラー
787,伯爵,El Conde,2023年,6,False,,,,ファンタジー、コメディ、ホラー,パブロ・ラライン,Jaime Vadell、Gloria Münchmeyer
788,消えた16mmフィルム,Shirkers,2018年,6,False,,,,,Sandi Tan,Sandi Tan、Sophia Siddique Harvey
789,ブラッド・アンド・ゴールド ~黄金の血戦場〜,Blood & Gold,2023年,6,False,,,,アクション、ドラマ、戦争,ペーター・トアヴァルト,ロベルト・マーザー、Jördis Triebel
790,ライトハウス,The Lighthouse,2019年,4,False,,,,ドラマ、ファンタジー、スリラー,Robert Eggers,ロバート・パティンソン、ウィレム・デフォー
791,ザ・スイッチ,Freaky,2020年,6,False,,,,ホラー、コメディ,クリストファー・ランドン,ヴィンス・ヴォーン、キャスリン・ニュートン
792,マインドホーン,Mindhorn,2016年,4,False,,,,コメディ,Sean Foley,ジュリアン・バラット、Simon Farnaby
793,グッド・タイム,Good Time,2017年,8,False,,,,犯罪、スリラー、ドラマ,ベニー・サフディ,ロバート・パティンソン、ベニー・サフディ
794,シンドラーのリスト,Schindler's List,1993年,6,False,,,,ドラマ、履歴、戦争,スティーヴン・スピルバーグ,リーアム・ニーソン、ベン・キングズレー
795,透明人間,The Invisible Man,2019年,8,False,,,,スリラー、サイエンスフィクション、ホラー,Robert Port,アレクサンダー・ルドウィグ、RJ Fetherstonhaugh
796,ゲティ家の身代金,All the Money in the World,2017年,6,False,,,,犯罪、履歴、スリラー,リドリー・スコット,ミシェル・ウィリアムズ、マーク・ウォールバーグ
797,少女邂逅,Girls' Encounter,2017年,6,False,,,,ドラマ,枝優花,穂志もえか、モトーラ世理奈
798,失墜,Jusqu'au déclin / The Decline,2020年,8,False,,,,ドラマ、スリラー、謎,Patrice Laliberté,Réal Bossé、Marc-André Grondin
799,ロング・ショット 僕と彼女のありえない恋,Long Shot,2019年,6,False,,,,コメディ、ロマンス,Jonathan Levine,シャーリーズ・セロン、セス・ローゲン
800,プライベート・ウォー,A Private War,2018年,6,False,,,,ドラマ、戦争,マシュー・ハインマン,ロザムンド・パイク、ジェイミー・ドーナン
801,ワイルド・ギャンブル,Mississippi Grind,2015年,6,False,,,,コメディ、ドラマ,Ryan Fleck,ベン・メンデルソーン、ライアン・レイノルズ
802,桐島部活やめるってよ,The Kirishima Thing,2012年,8,False,,,,ドラマ,吉田大八,神木隆之介、橋本愛
803,愛がなんだ,Just Only Love,2018年,6,False,,,,ロマンス、ドラマ,今泉力哉,岸井ゆきの、成田凌
804,ゴモラ,GOMORRA,2008年,6,False,,,,ドラマ、犯罪,マッテオ・ガローネ,トニ・セルヴィッロ、Gianfelice Imparato
805,ハロウィン,Halloween,2018年,6,False,,,,ホラー、スリラー,デヴィッド・ゴードン・グリーン,ジェイミー・リー・カーティス、ジュディ・グリア
806,パターソン,Paterson,2016年,6,False,,,,ドラマ、コメディ、ロマンス,ジム・ジャームッシュ,アダム・ドライバー、ゴルシフテ・ファラハニ
807,私をスキーに連れてって,Take Me out to the Snowland,1987年,6,False,,,,コメディ、ロマンス,馬場康夫,原田知世、三上博史
808,アイ・イン・ザ・スカイ 世界一安全な戦場,Eye in the Sky,2015年,8,False,,,,ドラマ、スリラー、戦争,Gavin Hood,ヘレン・ミレン、アーロン・ポール
809,ホーリー・マウンテン,La montaña sagrada / The Holy Mountain,1973年,4,False,,,,ドラマ,アレハンドロ・ホドロフスキー,アレハンドロ・ホドロフスキー、Horacio Salinas
810,砂の惑星,DUNE,1984年,2,False,,,,アクション、サイエンスフィクション、アドベンチャー,デヴィッド・リンチ,カイル・マクラクラン、Francesca Annis
811,犬猿,Thicker Than Water,2017年,8,False,,,,ドラマ、コメディ,Emily Harris,Lydia Wilson、ジョニー・フリン
812,クライム・ヒート,The Drop,2014年,6,False,,,,ドラマ、犯罪,Michaël R. Roskam,トム・ハーディ、ノオミ・ラパス
813,名もなき堀の中の王,Starred Up,2013年,8,False,,,,,デヴィッド・マッケンジー,ジャック・オコンネル、ベン・メンデルソーン
814,GHOST IN THE SHELL 攻殻機動隊,Ghost in the Shell,1995年,8,False,,,,アクション、アニメーション、サイエンスフィクション,押井守,田中敦子、大塚明夫
815,裸足の季節,Mustang,2015年,6,False,,,,ドラマ,Deniz Gamze Ergüven,Güneş Nezihe Şensoy、Doğa Zeynep Doğuşlu
816,響-HIBIKI-,Hibiki,2018年,6,False,,,,アクション、コメディ,月川翔,平手友梨奈、北川景子
817,ブリグズビー・ベア,Brigsby Bear,2017年,6,False,,,,コメディ、ドラマ,デイヴ・マッケイ,カイル・ムーニー、マーク・ハミル
818,銀魂2 掟は破るためにこそある,Gintama 2: Rules Are Made to Be Broken,2018年,6,False,,,,コメディ、アクション、サイエンスフィクション、ファンタジー,福田雄一,小栗旬、菅田将暉
819,インサイド・ルーウィン・デイヴィス 名もなき男の歌,Inside Llewyn Davis,2014年,8,False,,,,ドラマ、音楽,David Prior,ジョエル・コーエン、イーサン・コーエン
820,アイム・ノット・シリアルキラー,I Am Not a Serial Killer,2016年,6,False,,,,スリラー、ドラマ、ホラー、謎、犯罪、サイエンスフィクション,Billy O'Brien,Max Records、クリストファー・ロイド
821,はじまりへの旅,Captain Fantastic,2016年,8,False,,,,アドベンチャー、ドラマ,Matt Ross,Viggo Mortensen、George MacKay
822,アトミック・ブロンド,Atomic Blonde,2017年,6,False,,,,アクション、アドベンチャー、スリラー,デヴィッド・リーチ,シャーリーズ・セロン、ジェームズ・マカヴォイ
823,ファントム・スレッド,Phantom Thread,2017年,6,False,,,,ドラマ、ロマンス,ポール・トーマス・アンダーソン,ダニエル・デイ＝ルイス、ヴィッキー・クリープス
824,サイレンス,Hush,2016年,8,False,,,,ホラー、スリラー,マイク・フラナガン,ジョン・ギャラガー・ジュニア、ケイト・シーゲル
825,皆殺しのバラッド メキシコ麻薬戦争の光と闇,Narco Cultura,2013年,6,False,,,,,シャウル・シュワルツ,エドガー・キンテロ、リチ・ソト
826,マンイーター,ROGUE,2007年,6,False,,,,アクション、ホラー、スリラー,Greg McLean,ラダ・ミッチェル、Michael Vartan
827,空飛ぶタイヤ,Recall,2018年,6,False,,,,ドラマ,Michael James Regan,Michael James Regan、Tommy James Murphy
828,サイド・バイ・サイドフィルムからデジタルシネマへ,SIDE BY SIDE,2012年,8,False,,,,,Christopher Kenneally,キアヌ・リーブス、マーティン・スコセッシ
829,メイジーの瞳,What Maisie Knew,2012年,6,False,,,,ドラマ,David Siegel,ジュリアン・ムーア、スティーヴ・クーガン
830,特捜部Q檻の中の女,Kvinden i buret / Department Q: The Keeper ofLost Causes,2013年,8,False,,,,スリラー、謎、犯罪,ミケル・ノガール,ニコライ・リー・コス、ファレス・ファレス
831,特捜部Q キジ殺し,Fasandraeberne / The Absent One,2014年,8,False,,,,スリラー,ミケル・ノガール,ニコライ・リー・コス、ファレス・ファレス
832,特捜部QPからのメッセージ,Flaskepost fra P,2016年,6,False,,,,,Hans Petter Moland,ニコライ・リー・コス、ファレス・ファレス
833,淵に立つ,Harmonium,2016年,6,False,,,,ドラマ,David Baril,Serge Fiori、Denis Farmer
834,ボストン ストロング ダメな僕だから英雄になれた,Stronger,2017年,6,False,,,,ドラマ,デヴィッド・ゴードン・グリーン,ジェイク・ジレンホール、タチアナ・マスラニー
835,テラビシアにかける橋,BRIDGE TO TERABITHIA,2008年,8,False,,,,アドベンチャー、ドラマ、ファミリー,Gábor Csupó,ジョシュ・ハッチャーソン、アナソフィア・ロブ
836,アメリカン・スリープオーバー,The Myth of the American Sleepover,2010年,6,False,,,,,デヴィッド・ロバート・ミッチェル,クレア・スロマ、マーロン・モートン
837,悪魔のいけにえ,The Texas Chain Saw Massacre,1974年,8,False,,,,ホラー,トビー・フーパー,マリリン・バーンズ、アレン・ダンジガー
838,暴走特急 シベリアン・エクスプレス,TRANSSIBERIAN,2008年,6,False,,,,,Brad Anderson,ウディ・ハレルソン、エミリー・モーティマー
839,ペンタゴン・ペーパーズ/最高機密文書,The Post,2017年,6,False,,,,ドラマ、履歴,スティーヴン・スピルバーグ,メリル・ストリープ、トム・ハンクス
840,レスラー,The Wrestler,2008年,6,False,,,,ドラマ、ロマンス,ダーレン・アロノフスキー,ミッキー・ローク、マリサ・トメイ
841,タンジェリン,Tangerine,2015年,6,False,,,,コメディ、ドラマ,ショーン・ベイカー,Kitana Kiki Rodriguez、Mya Taylor
842,TOO YOUNG TO DIE! 若くして死ぬ,TOO YOUNG TO DIE!,2016年,6,False,,,,ロマンス、ファンタジー、音楽、コメディ,宮藤官九郎,長瀬智也、神木隆之介
843,アポカリプト,Apocalypto,2006年,8,False,,,,アクション、ドラマ、履歴,メル・ギブソン,Rudy Youngblood、Raoul Max Trujillo
844,MUD-マッドー,MUD,2012年,6,False,,,,,A. Balakrishnan,S. Kanagaraj、Anupam Kher
845,テキサスタワー,Tower,2016年,6,False,,,,,Keith Maitland,Violett Beane、Chris Doubek
846,ベルファスト71,71,2014年,6,False,,,,スリラー、アクション、ドラマ、戦争,Yann Demange,ジャック・オコンネル、Sean Harris
847,ノー・エスケープ 自由への国境,Desierto,2015年,6,False,,,,スリラー、ドラマ,Jonás Cuarón,Gael García Bernal、ジェフリー・ディーン・モーガン
848,トラフィック,TRAFFIC,2000年,8,False,,,,スリラー、ドラマ、犯罪,スティーヴン・ソダーバーグ,マイケル・ダグラス、ベニチオ・デル・トロ
849,MERU/メルー,Meru,2014年,8,False,,,,アドベンチャー、ドキュメンタリー,ジミー・チン,Conrad Anker、ジミー・チン
850,ババドック 暗闇の魔物,The Babadook,2014年,6,False,,,,ドラマ、ホラー,Jennifer Kent,Essie Davis、Noah Wiseman
851,デトロイト,Detroit,2017年,8,False,,,,ドラマ、スリラー、履歴,キャスリン・ビグロー,ジョン・ボイエガ、ウィル・ポールター
852,FRANK-フランク,Frank,2014年,8,False,,,,コメディ、ドラマ、謎,Lenny Abrahamson,マイケル・ファスベンダー、ドーナル・グリーソン
853,スパイナル・タップ,THIS IS SPINAL TAP,1984年,6,False,,,,コメディ、音楽,ロブ・ライナー,Christopher Guest、マイケル・マッキーン
854,28週後...,28 Weeks Later,2007年,6,False,,,,ホラー、スリラー、サイエンスフィクション,Juan Carlos Fresnadillo,Robert Carlyle、ローズ・バーン
855,SR サイタマノラッパー,8000 MILES: SR Saitama's Rapper,2008年,6,False,,,,コメディ、ドラマ,入江悠,駒木根隆介、水澤紳吾
856,ザ・レイド,The Raid: Redemption,2011年,6,False,,,,アクション、犯罪、スリラー,Gareth Evans,イコ・ウワイス、Arifin Putra
857,高慢と偏見とゾンビ,Pride and Prejudice and Zombies,2016年,6,False,,,,ロマンス、ホラー、コメディ、スリラー,Burr Steers,リリー・ジェームズ、Sam Riley
858,HINOKIO ヒノキオ,Hinokio: Inter Galactic Love,2004年,4,False,,,,ドラマ、サイエンスフィクション,秋山貴彦,本郷奏多、多部未華子
859,ローガン・ラッキー,Logan Lucky,2017年,8,False,,,,コメディ、犯罪、アクション、ドラマ,スティーヴン・ソダーバーグ,チャニング・テイタム、アダム・ドライバー
860,AMY エイミー,Amy,2015年,6,False,,,,ドキュメンタリー、音楽,アシフ・カパディア,エイミー・ワインハウス、マーク・ロンソン
861,灼熱の魂,INCENDIES,2010年,8,False,,,,ドラマ、戦争、謎,ドゥニ・ヴィルヌーヴ,ルブナ・アザバル、Mélissa Désormeaux-Poulin
862,ザ・ウォール,The Wall,2017年,8,False,,,,戦争、スリラー、ドラマ、アクション,ダグ・リーマン,アーロン・テイラー＝ジョンソン、ジョン・シナ
863,BOY A,BOY A,2007年,6,False,,,,コメディ,Samuel Nyamekye,Abi Adatsi、Psalm Adjeteyfio
864,エイリアン4,Alien: Resurrection,1997年,6,False,,,,サイエンスフィクション、ホラー、アクション,ジャン＝ピエール・ジュネ,シガニー・ウィーバー、ウィノナ・ライダー
865,アンフレンデッド,Unfriended,2015年,6,False,,,,ホラー、謎,Josh Weisbrod,Kyle McGrath、ケイコ・アジェナ
866,きっと星のせいじゃない。,The Fault in Our Stars,2014年,8,False,,,,ロマンス、ドラマ,Josh Boone,シェイリーン・ウッドリー、アンセル・エルゴート
867,マリアンヌ,Allied,2016年,6,False,,,,アクション、ドラマ、戦争、ロマンス、スリラー,ロバート・ゼメキス,ブラッド・ピット、マリオン・コティヤール
868,十二人の怒れる男,12 Angry Men,1957年,8,False,,,,ドラマ,Sidney Lumet,マーティン・バルサム、John Fiedler
869,デイブレイカー,DAYBREAKERS,2009年,6,False,,,,アクション、ファンタジー、サイエンスフィクション,Michael Spierig,イーサン・ホーク、サム・ニール
870,その土曜日7:58,BEFORE THE DEVIL KNOWS YOU'RE DEAD,2008年,8,False,,,,犯罪、ドラマ、スリラー,Sidney Lumet,フィリップ・シーモア・ホフマン、イーサン・ホーク
871,リンダリンダリンダ,Linda Linda Linda,2005年,6,False,,,,ドラマ,山下敦弘,ペ・ドゥナ、前田亜季
872,チアーズ!,BRING IT ON,2000年,6,False,,,,コメディ,Peyton Reed,キルスティン・ダンスト、Eliza Dushku
873,奇跡,I Wish,2011年,6,False,,,,ドラマ,Mohammed Walid Ayyad,Ema Shah、Mousaed Khaled
874,ブラス!,BRASSED OFF,1996年,6,False,,,,コメディ、ロマンス、ドラマ,Mark Herman,ユアン・マクレガー、Tara Fitzgerald
875,es [エス],Das Experiment/The Experiment,2001年,6,False,,,,ドラマ、スリラー,Oliver Hirschbiegel,モーリッツ・ブライプトロイ、Christian Berkel
876,ウォーリアー,Warrior,2011年,6,False,,,,ドラマ、アクション,Gavin O'Connor,ジョエル・エドガートン、トム・ハーディ
877,ソウ,Saw,2004年,8,False,,,,ホラー、謎、犯罪,ジェームズ・ワン,Tobin Bell、Cary Elwes
878,イーグル・ジャンプ,Eddie the Eagle / The Eagle,2016年,8,False,,,,コメディ、ドラマ、履歴、アドベンチャー,Dexter Fletcher,タロン・エジャトン、ヒュー・ジャックマン
879,アメリカン・ギャングスター,American Gangster,2007年,6,False,,,,ドラマ、犯罪,リドリー・スコット,デンゼル・ワシントン、ラッセル・クロウ
880,相棒 劇場版IV 首都クライシス 人質は50万人!特命係 最後の決断,Partners: The Movie IV,2017年,4,False,,,,犯罪、謎,橋本一,水谷豊、反町隆史
881,帰ってきたヒトラー,Er ist wieder da/ Look Who's Back,2015年,6,False,,,,コメディ,David Wnendt,Oliver Masucci、ファビアン・ブッシュ
882,フォロウィング,FOLLOWING,1998年,6,False,,,,ドラマ、スリラー,クリストファー・ノーラン,Jeremy Theobald、Alex Haw
883,6才のボクが大人になるまで。,Boyhood,2014年,6,False,,,,ドラマ,Richard Linklater,Ellar Coltrane、パトリシア・アークエット
884,明日君がいない,2:37,2006年,8,False,,,,ドラマ,Murali K. Thalluri,テリーサ・パーマー、Frank Sweet
885,フォーン・ブース,Phone Booth,2002年,6,False,,,,スリラー、犯罪,ジョエル・シュマッカー,コリン・ファレル、キーファー・サザーランド
886,ザ・ロック,The Rock,1996年,6,False,,,,アクション、アドベンチャー、スリラー,マイケル・ベイ,ショーン・コネリー、ニコラス・ケイジ
887,ディセンダント,Descendants,2015年,6,False,,,,ファミリー、アドベンチャー、ファンタジー、テレビ映画、音楽,Kenny Ortega,ダヴ・キャメロン、Mitchell Hope
888,スターシップ・トゥルーパーズ,Starship Troopers,1997年,6,False,,,,アドベンチャー、アクション、スリラー、サイエンスフィクション,ポール・ヴァーホーヴェン,キャスパー・ヴァン・ディーン、Dina Meyer
889,海街diary,Our Little Sister,2015年,8,False,,,,ドラマ,是枝裕和,綾瀬はるか、長澤まさみ
890,ヒメアノ~ル,Himeanole,2016年,8,False,,,,謎、ドラマ,𠮷田恵輔,濱田岳、佐津川愛美
891,フライト・ゲーム,Non Stop,2014年,6,False,,,,アクション、スリラー、謎,ジャウム・コレット＝セラ,リーアム・ニーソン、ジュリアン・ムーア
892,マジカル・ガール,MAGICAL GIRL,2014年,6,False,,,,ドラマ、スリラー,カルロス・ベルムト,バルバラ・レニー、ホセ・サクリスタン
893,そして父になる,"Like Father, Like Son",2013年,6,False,,,,ドラマ,Mac Alsfeld,Mac Alsfeld、Andrew Megison
894,ヒストリー・オブ・バイオレンス,A HISTORY OF VIOLENCE,2005年,6,False,,,,ドラマ、スリラー、犯罪,デヴィッド・クローネンバーグ,Viggo Mortensen、マリア・ベロ
895,キングダム見えざる敵,THE KINGDOM,2007年,6,False,,,,スリラー、アクション、ドラマ,ピーター・バーグ,ジェイミー・フォックス、ジェニファー・ガーナー
896,リップヴァンウィンクルの花嫁,A Bride for Rip Van Winkle,2016年,6,False,,,,ドラマ、ロマンス,岩井俊二,黒木華、綾野剛
897,サイレントヒル,Silent Hill,2006年,8,False,,,,ホラー、謎,クリストフ・ガンズ,ラダ・ミッチェル、ショーン・ビーン
898,サイレントヒル:リベレーション3D,Silent Hill: Revelation 3D,2012年,6,False,,,,スリラー、ホラー、謎,Ｍ・Ｊ・バセット,アデレイド・クレメンス、ショーン・ビーン
899,[リミット],Buried,2010年,8,False,,,,ドラマ、スリラー、謎,ロドリゴ・コルテス,ライアン・レイノルズ、José Luis García Pérez
900,フォックスキャッチャー,Foxcatcher,2014年,6,False,,,,ドラマ、スリラー,Bennett Miller,スティーヴ・カレル、チャニング・テイタム
901,ダラス・バイヤーズクラブ,Dallas Buyers Club,2013年,6,False,,,,ドラマ、履歴,ジャン＝マルク・ヴァレ,マシュー・マコノヒー、ジェニファー・ガーナー
902,ピクセル,Pixels,2015年,6,False,,,,アクション、コメディ、サイエンスフィクション,クリス・コロンバス,アダム・サンドラー、ケヴィン・ジェームズ
903,シカゴ7裁判,The Trial of the Chicago 7,2020年,8,False,,,,ドラマ、履歴,Aaron Sorkin,エディ・レッドメイン、サシャ・バロン・コーエン
904,ミッション:インポッシブル/ファイナル・レコニング,Mission: Impossible - The Final Reckoning,2025年,8,False,2025/06/11,松本シネマライツ,字幕2D,アクション、スリラー、アドベンチャー,クリストファー・マッカリー,トム・クルーズ、ヘイリー・アトウェル
905,罪人たち,Sinners,2025年,8,False,2025/06/21,109シネマズグランベリーパーク,IMAXレーザー字幕2D,ホラー、アクション、スリラー,ライアン・クーグラー,マイケル・B・ジョーダン、ヘイリー・スタインフェルド
906,パワーレンジャー,Power Rangers,2017年,4,False,,,,アクション、アドベンチャー、サイエンスフィクション,Dean Israelite,デイカー・モンゴメリー、RJ Cyler
907,28年後...,28 Years Later,2025年,8,False,2025/07/05,松本シネマライツ,字幕2D,ホラー、スリラー、サイエンスフィクション,ダニー・ボイル,ジョディ・カマー、アーロン・テイラー＝ジョンソン
908,スーパーマン,Superman,2025年,8,False,2025/07/26,松本シネマライツ,字幕2D,サイエンスフィクション、アドベンチャー、アクション,ジェームズ・ガン,デヴィッド・コレンスウェット、レイチェル・ブロズナハン
909,F1®/エフワン,F1,2025年,8,False,2025/07/26,松本シネマライツ,字幕2D,アクション、ドラマ,ジョセフ・コシンスキー,ブラッド・ピット、ダムソン・イドリス
910,劇場版 チェンソーマン レゼ篇,Chainsaw Man - The Movie: Reze Arc,2025年,8,False,2025/10/31,松本シネマライツ,2D,アニメーション、アクション、ロマンス、ファンタジー,吉原達矢,戸谷菊之介、上田麗奈
911,プレデター:バッドランド,Predator: Badlands,2025年,8,False,2025/11/29,松本シネマライツ,吹替2D,アクション、サイエンスフィクション、アドベンチャー,ダン・トラクテンバーグ,エル・ファニング、ディミトリアス・シュスター＝コローマタンギ
912,暗黒街,Suburra,2015年,10,True,,DVD,,犯罪、ドラマ、スリラー,ステファノ・ソッリマ,Pierfrancesco Favino、Claudio Amendola
913,シャンハイ・ナイト,SHANGHAI KNIGHTS,2003年,4,False,,,,アクション、アドベンチャー、コメディ、西洋,David Dobkin,ジャッキー・チェン、オーウェン・ウィルソン
914,プロジェクトA,A計劃／Project A,1983年,6,False,,,,アクション、アドベンチャー、コメディ,ジャッキー・チェン,ジャッキー・チェン、サモ・ハン・キンポー
915,モンスターハンター,Monster Hunter,2021年,2,False,2026/01/08,Netflix,字幕2D,アクション、ファンタジー、アドベンチャー,Steve Yamamoto,Dante Basco、Brando Eaton
916,ズートピア２,Zootopia 2,2025年,8,False,2026/01/09,松本シネマライツ,吹替2D,アニメーション、コメディ、アドベンチャー、ファミリー、謎,ジャレド・ブッシュ,ジニファー・グッドウィン、ジェイソン・ベイトマン
917,国宝,KOKUHO,2025年,8,True,2026/01/10,松本シネマライツ,2D,ドラマ,李相日,吉沢亮、横浜流星
918,28年後... 白骨の神殿,28 Years Later: The Bone Temple,2026年,8,False,2026/01/17,松本シネマライツ,字幕2D,ホラー、スリラー、サイエンスフィクション,ニア・ダコスタ,レイフ・ファインズ、ジャック・オコンネル
919,ウォーフェア 戦地最前線,Warfare,2026年,9,False,2026/01/31,松本シネマライツ,字幕2D,戦争、アクション,Ray Mendoza,D'Pharaoh Woon-A-Tai、ウィル・ポールター
920,サウルの息子,Saul fia,2015年,6,False,,ディスク,,戦争、ドラマ、スリラー,ネメシュ・ラースロー,ルーリグ・ゲーザ、モルナール・レヴェンテ
921,機動戦士ガンダム 閃光のハ女サウェイ キルケーの魔,-,2026年,7,False,2026/02/06,松本シネマライツ,2D,,村瀬修功,小野賢章、上田麗奈
922,日本沈没,-,2006年,2,False,,TV,,ドラマ、スリラー、アドベンチャー、サイエンスフィクション,樋口真嗣,草彅剛、柴咲コウ
923,薄氷,Bajocero,2021年,5,False,,Netflix,,アクション、犯罪、スリラー,Lluís Quílez,Javier Gutiérrez、Karra Elejalde
